esp,ing,parte
carta de los gobernadores ingas,nukanchita sinchi charig taitakuna paikunapa makiwa kalpachispa,carta_gobernadores
"santiago, putumayo, septiembre 26 de 1993","santiago putumayo, septiembre 26 de 1993",carta_gobernadores
"a los lectores; los gobernadores de los cabildos abajo firmantes somos conscientes de la importancia de la traducción de algunos apartes de la nueva constitución nacional de colombia, realizada por el profesor francisco tandioy jansasoy de la universidad de nariño y miembro activo de nuestra comunidad","kai uraladu kalpachispa makiwa kawachispa churagkuna, ubirnadur sutikuna, iachanchimi askurinti ministidu kagta",carta_gobernadores
"anteriormente nunca tuvimos la oportunidad de conocerla ni en castellano y peor en nuestra lengua materna; razón por la cual, queremos dar nuestro pleno respaldo a la dicha traducción por las siguientes razones:","achka iachag pangata nukanchipa simipi ialichingapa, chitaka nukanchipa simipi universidad de nariñomanda francisco tandioy jansasoy sutimi ialichirka, paika nukanchipagmadami ka",carta_gobernadores
"los cotraductores que le colaboraron para la traducción son: mateo chasoy, isidoro chasoy, domingo tandioy chasoy (exgobernadores), maría esperanza jacanamijoy, jaime peña jamioy, luis manuel tandioy (líderes), blanca chindoy, mercedes jacanamijoy y francisca jacanamijoy (profesoras bilingües) y otras personas muy prestantes, como son los gobernadores de guayuyaco, la floresta española, san miguel de la castellana quien envió un delegado","santu dius, ñugpata achka iachag pangata mana rigsirkanchichu",carta_gobernadores
"al presentar nuestro apoyo a la traducción también solicitamos a las instituciones del estado, escuelas, colegios y universidades su difusión, adopción y aprendizaje, ojalá como un texto obligatorio para su estudio; de esta manera podemos y estamos dispuestos a recibir cualquier clase de sugerencias siempre y cuando sea constructiva","ni iurakunapa, ñi nukanchipa rimaipi imapas mana rigsirkanchichu",carta_gobernadores
"como gobernadores nos permitimos recomendar a nuestros maestros bilingües la adopción de la traducción de la nueva constitución como texto obligatorio de estudio en nuestras comunidades y además los centros experimentales pilotos serán los encargados de capacitar a los maestros bilingües, para el uso y manejo adecuado del texto en coordinación con el traductor de la constitución","chasa kagmandami tukuikuna munanchi i nukanchikikin nukanchipa simipi ialichiskataka, tukuikunami iukanchi apispa, apispa ringa",carta_gobernadores
"esperando tener mucho eco, atentamente,",chasa kagmandami mandanakunchi tukuikuna apispa riichi: 1,carta_gobernadores
692 cúcuta gobernador del cabildo inga de santiago,"chi nukanchipa simipi ialichigka, ajaimi nukanchipa simita suma iachá",carta_gobernadores
antonio cuatindioy gobernador del cabildo inga de san andrés,nukanchipa simipi ialichigta aidagkunapasmi nukanchipa rimaita askuarinti allilla rimagmi kankuna,carta_gobernadores
adilio raul chasoy c,"achka iachag pangata nukanchipa simipi ialichii aidagkuna sutikankunami: mateo chasoy chasoy, isidoro chasoy chasoy, domingo tandioy chasoy (paikunakla puiblupi tianakuskami kankuna), maria esperanza jacanamijoy jansasoy, jaime pena jamioy (paikunaka puiblupi tianakuskata katiraigkunami kankuna), blanca chindoy, mercedes jacanamijoy muyuy i francisca jacanamijoy muyuy (iurakunapa i nukanchipa simipi iachachigkuna) i sug askurinti iapa iacha taitakuna, waiuiaku i floresta la española sutimanda ubirnadurkuna",carta_gobernadores
345 pasto gobernador del cabildo inga de aponte,san miguel de la castellana sutimanda ubirnadurka sug musitutami kachamurka kai achka iachag pangata nukanchipa simipi ailichii apanakura,carta_gobernadores
digitalizado por sistema de bibliotecas-universidad de los andes,"achka iachag pangata, nukanchipa simipi ialichispa apaskata, mandu kuanakunchimi tukuikuna apispa, apispa apasunchi",carta_gobernadores
carta del señor presidente de la república de colombia,paipa makiwa kalpachispa kuaskata rigsisunchi,presidencia
presidencia de la república de colombia,santafé de bogotá d,presidencia
"santafé de bogotá, septiembre de 1993",", septiembre de 1993",presidencia
apreciados amigos: al clausurar las sesiones de la asamblea nacional constituyente afirmé que ese día se iniciaba una nueva era en la historia de colombia,"ña achka iachag pangata allichii puchukaurukuna, nukapa makiwami kalpachispa nuka imasa sutikaskasina churarkani, ña chasa rurauraka balimi kidagsamurka",presidencia
"esa misma felicidad que desde entonces anima el corazón de los colombianos, esa satisfacción que sentimos quienes hemos luchado sin tregua por construir una patria abierta a la participación, que no excluya a nadie, que cobije por igual a pobres y a ricos, a fuertes y a débiles, a los que han sido gestores de nuestra historia, cobra un especial sentido con la publicación de nuestra carta magna a siete lenguas indígenas","chi punchaka, sug musu iuiami nukanchipa atun llagta kulumbia sutipi kallarirka",presidencia
qué equivocados estaban quienes afirmaron alguna vez que la constitución sería un texto muerto,"tukui kai atun llagtapi kaugsag sungukunapi, askurinti iapa allimi iachirka",presidencia
"la entrega oficial de esta traducción, es el resultado de un exhaustivo e intenso trabajo con los representantes de las comunidades indígenas, en el cual nos hemos nutrido de su milenaria sabiduría, para comprender con ellos, el secreto de su ancestral convivencia pacífica","iapa saikugtami kada puncha, kai alli iachhiikunata maskanakurkanchi, tukuikuna kaipi sumaglla waugkindikunasina sugmalla kaugsangapa, iukag, mana iukag, wapu, mana wapu,ña askunrinti unai animal kai atun llagtapi kaugsagkunamanda, kai iapa sumami ka",presidencia
"por eso, este texto no se conformó con convertir una palabra hispánica en otra indígena, sino que fue más allá en su esfuerzo; agregó a las normas constitucionales, la sabia filosofía de estos pueblos, enriqueciendo el sentido de los principios constitucionales",ña kai achka iachag pangata kanchis sugrigcha rimaikunapi surkuspa kuangapa,presidencia
"por lo tanto, no vacilo en afirmar que este texto encarna el espíritu que animó la labor de los constituyentes: tenemos derecho a vivir en un país que como éste, sea amplio, tolerante y lo suficientemente democrático, para que todos tengamos un lugar bajo el sol de colombia",kai achka lachag panga mana ñi imapa mana balingapa kagta nigkunaka diltudumi limpu pandarispa karkajimikuna,presidencia
"me asiste la certeza de que con la conclusión de este esfuerzo, ustedes reciben las herramientas necesarias para emprender la construcción de un nuevo y mejor futuro","kai nukanchikikinpa rimaipimi makiwa kalpachispa kuanakunchi, kai achka iachag pangata kamkunata kuangapa kaskataka, askurinti allimanda i sumagllami iuiarispa ruraska ka",presidencia
digitalizado por sistema de bibliotecas-universidad de los andes,"kamkikinkunapagmandakunami rurarkakuna antiwama iachaikunatami iachaikurkanchi, chikunawa tukuikuna waugkikunasina kaugsangapa",presidencia
"santiago, putumayo, septiembre 26 de 1993",traide achka iachag pangata nukanchipa simipi ialichig paipa makiwa kalpachispa kawachiskata rigsisunchi,carta_traductor
"a los lectores; en mi calidad de traductor de algunos apartes de la nueva constitución colombiana, me permito anotar lo siguiente:","santiago putumayo, septiembre 26 de 1993",carta_traductor
"recibí con agrado la designación como traductor de algunos apartes de la nueva constitución colombiana a mi lengua nativa, inga",kai achka iachag pangata nukanchipa simipi ialidursina kaikunami munani kamkunata allimanda parlanga:,carta_traductor
"obtuve el respaldo total del director del proyecto, jon landaburu; además, ha sido de mucha valía la vinculación de la universidad de nariño al proyecto anteriormente mencionado, quien me concedió los permisos necesarios para trasladarme tanto a mi comunidad como a santafé de bogotá con el fin de asistir a las reuniones convocadas por el coordinador, sin ese concurso, no hubiera podido realizar mi traducción","askurinti ajaimi alli iachiwarka, kai achka iachag pangata ingakunapa simipi ialichingapa kuawaura",carta_traductor
"agradezco a todas las autoridades indígenas, líderes y maestros bilingues quienes, en una u otra forma contribuyeron para que esta obra salga adelante","nukata chasa kuawauraka, doctor jon landaburu ñi imapas mana niwaspallami, nukata ima ministiwaska kuawarka",carta_traductor
deseo manifestar mi profundo agradecimiento al sr,chiwanka paipa mandupimi kidarkani,carta_traductor
alfonso palma y al sr,"achka iachag pangata nukanchipa simipi ialichingapa kuawuara, universidad de nariñomanda nukata kulki pagawagkunata, manima suma uiarirkakunatachu",carta_traductor
"segundo antonio jacanamijoy, de la organización nacional indígena de colombia - onic-, quienes trabajaron con mucho empeño y desinterés en el rescate de este proyecto","bogotámanda sug papilmi kachamurkakuna nukata sugta killa manchiwachukuna nispa, chiuraka piñariimi kallarirkakuna",carta_traductor
resalto el apoyo de las siguientes personas:,"paikuna mana nigmandaka upallami nukapa wasipi i wardapunchakuna, nukanchipa simipi ialichii kallarirkani",carta_traductor
luis ortega miticanoy como abogado asesor del proyecto inga,"bogotamanda kaiawai kallariuraka, pirmisukuna mañaspami iacharkani ringa",carta_traductor
"isidoro chasoy chasoy, mateo chasoy chasoy (exgobernadores) maria esperanza jacanamijoy jansasoy, jaime peña jamioy y clemencia chasoy (líderes) quienes me colaboraron como cotraductores y se dedicaron de tiempo completo hasta finalizar el proyecto","chikari manaka, mana iacharkakunachu niwanga, nispami paikunatapas, pai siñursitu iukani ninga",carta_traductor
"juan jansasoy tisoy, antonio cuatindioy, adilio raúl chasoy, gobernadores de santiago, san andrés y aponte respectivamente, y otros gobernadores que asistieron a los seminarios de traducción efectuados en el cabildo inga de santiago, putumayo","allita chasa kuawarshangichi, mana chasa kuawagpika manimami kaita puchukangapa pudini",carta_traductor
"domingo tandioy chasoy, luis manuel tandioy, mercedes jacanamijoy, jesús carlosama, francisca jacanamijoy, blanca chindoy, cristo simón puerchambud, juan muyuy, esteban jansasoy y otros exgobernadores y demás líderes de la región, quienes siempre estuvieron presentes y prestos a colaborar asistiendo a los seminarios programados","mana chasa kuawagpikunaka, maikan kai achka iachag pangata nukanchipa simipi ialichingapa mañagkunatami iapa pingaiachini",carta_traductor
"agradecimiento profundo a mi familia, quienes siempre me apoyaron, sacrificando sus vacaciones y fines de semana sin contar con mi presencia, con el fin de que yo pueda dedicarme de lleno a mi trabajo",nukanchipagmanda taita ubirnadurkunatami pai siñursitu iukani ninga,carta_traductor
digitalizado por sistema de bibliotecas-universidad de los andes,paikuna mana chasa maki manchiwagpikunaka manimami kai wachuta llugsii pudini,carta_traductor
"de manera general, deseo manifestar mi gratitud a todas las personas que de una u otra manera participaron en la ejecución de mi proyecto, ya sea en la grabación de los cassetes como en el diseño de la carátula y dibujos para la publicación del texto, todo lo cual redundará en beneficio de las generaciones presentes y futuras, tanto en el campo intelectual como cultural de las comunidades marginadas del país","chasallata puiblipi pasadukunata katiraigkunatapasmi pai siñursitu iukaikichita ninga, ikuti sura diusmanda aidawangichi",carta_traductor
"el hecho de haberme enfrentado a esta dura tarea, sin una experiencia previa en traducción, me da satisfacción de haber logrado conocimiento y haber adquirido un acervo cultural, lo cual beneficiará a la universidad de nariño, a mi comunidad inga y a otras personas o instituciones que requieran el conocimiento de este trabajo","kamkuna chasa mana sapalla sitawagpikunaka, ikutimi imakunapas pudinchi ruranga",carta_traductor
"finalmente, dedico este texto a mi madre, a mi esposa, a mis hijos y a mi comunidad",digitalizado por sistema de bibliotecas-universidad de los andes,carta_traductor
francisco tandioy jansasoy responsable de la traducción,"atun llagtapi, tukui nukanchipuramanda rimapugkuna ,onic sutipi trabajagkunata alfonso palma i segundo antonio jacanamijoy sutikunatapapsmi pai siñursitu iukani inga, allita saikugta i sugratuka piñai tukugta imapas purishangichi",carta_traductor
digitalizado por sistema de bibliotecas-universidad de los andes,iangaka mana ñitkarispa pirirshangichichu,carta_traductor
busquemos lo más favorable para nuestra existencia,kawasunchi imasa mas suma nukanchi kaugsangapa kaskasina,favorable
la constitución contiene mandatos de mucho valor que todos debemos cumplir,"nukanchipa iapa ministidu, achka iachag pangakunami suti ká",favorable
la constitución es una ley mayor que guía las demás leyes de una nación,"nispami tukui kai atun llagtapi kaugsagkuna, pai imasa mandaskasina ari ningapa chaiá",favorable
esta se expide para la convivencia y el respeto mutuo entre los habitantes de nuestro territorio,"achka iachag pangakunaka, achka iachag pangakunapa wawapa taitami ká, nispami tukuikunata mandá",favorable
"nuestra constitución fue expedida en 1991, por un grupo de 70 personas de distintas regiones del país, pertenecientes a diversos partidos y movimientos políticos entre las cuales participaron tres indígenas","kai achka iachag pangakunata surkurkakunami nukanchi sugmalla, mana piñanakuspalla nukanchipa llagtapi tukuikuna kaugsangapa",favorable
"los indígenas que participaron en la constituyente nos representaron exponiendo nuestro pensamiento, el cual quedó parcialmente escrito en la constitución","nukanchipa achka iachag pangakunata waranga iskun patsa iskun chunga wata kaurami surkurkakuna, kanchis chunga runakuna intiru atun llagtamanda samuspa, sugkunaka sugrigcha iuiaiug, sugkunaka chillatata iuiaiwa tuparinakuspa, askurinti unai tiarispa chi achka iachag pangakunatami surkurkakuna",favorable
"la anterior constitución por haber sido escrita, casi por una sola persona y a nombre de un solo partido, ni siquiera contemplaba nuestros derechos ancestrales, ignorando nuestra existencia en la vida jurídica de colombia","kai kimsa nukanchipura runakunapasmi iurakunawa tiarirkakuna, chi achka iachag pangakunata surkungapa",favorable
"los derechos indígenas sólo se contemplaban en las leyes, pero estas, como tales, por ser de menor jerarquía eran muy vulnerables","nukanchipa runakuna, chi achka iachag pangakunata surkungapa tiarirkakuna, nukanchipa iuiaitami kawachirkakuna, nispa nukanchika sug rigcha iuiai i sug rigcha kaugsaimi iukanchi",favorable
"ahora al ser consagrados en la constitución, existen más garantías para que sean respetados",chi iuiaikunaka achka iachag pangakunapimi makiwa kalpachispa sakirkakuna,favorable
"la consagración de los derechos constitucionales indígenas, es el resultado de las continuas luchas de nuestros líderes a lo largo de muchos años, en las que se sacrificaron muchas vidas","nugpamanda achka iachag pangakunaka sug runallasi rurarka, nispasi manima ñimapasi niraiarka nukanchimanda, nukanchi kai atun llagtapi manima kaugsagsina u piskukunasina sacha awanigta kaugsagsina",favorable
"los pueblos indígenas por siempre hemos tenido nuestras leyes auténticas, esas forman nuestra constitución basada en el derecho natural","nukanchita imakuna chaiaska iukangapa u mañangapa, ianga pangakunallapimi niraiarka, mana nukanchita imapas kuaspalla, paikunaka nukanchita mana balichispalla, nispasi paikuna ima munaska ruradur karkakuna",favorable
"esa constitución la tenemos cada pueblo indígena, esa es nuestra propia ley, sin embargo respetamos otra leyes de la comunidad nacional","kunaurakari achka iachag pangakunapimi churaska tiá, chiwanka pudinchimi mañanga, nukanchimanda ima niraiaska i chasami iukankuna kuanga",favorable
"esta constitución nos es útil, en la medida que participemos en su desarrollo legal, para que nos ofrezca protección a nuestras leyes vernáculas y nos dé mayor fuerza para seguir existiendo como pueblos indígenas","chi achka iachag pangakunapi, nukanchimanda makiwa kalpachispa chi pangakunapi churangapa chasalla mana karkachu, chinigta nukanchimanda iuiachingapa, nukanchipa achka waugkikunatami wañuchirkakuna, chi nukanchita chaiaskata iurakunata mañanakugmanda",favorable
con este ánimo y para darla a conocer a nuestras comunidades fueron escritos en inga algunos apartes de la constitución,"manara iurakuna nukanchipa alpama samugpimi, nukanchipas achka iachag pangakuna iukarkanchi i charami iukanchi, manara wañuska kapunchichu, kunauraka iukanchimi kaugsachispa apanga, chika kami, nukanchi imasa kaugsaskasina u iuiaskasina kaugsadiru",favorable
francisco tandioy francisco tandioy jansasoy responsable de la traducción,digitalizado por sistema de bibliotecas-universidad de los andes,favorable
depart digitalizado por sistema de bibliotecas-universidad de los andes,"kai iachag pangakunaka tukui kai atun llagtapi kaugsag, nukanchipura runakunami iukanchi, chitami sutichinchi, nukanchipa ""achka iachag panga""",favorable
palabras del coordinador de la traduccion a siete lenguas indígenas,sug rigcha kaugsag runakunapa kanchis simima ialichingapa chaskig imasa niskasina,coordinador
"cuando, a fines de 1991, los consejeros del presidente de la república llamaron al centro colombiano de estudios de lenguas aborígenes de la universidad de los andes para preguntar si podíamos traducir la nueva constitución a varias lenguas indígenas del país, contestamos que sí, con un poco de miedo y con mucho entusiasmo a la vez","ña waranga iskun patsa iskun chunga (1991) wata puchukaura kai alpapi tukuikunata kawag iura runa, paita iuiachigkuna centro colombiano de estudios de lenguas aborígenes de la universidad de los andes sutitasi achka iachag pangata sug rimaikunama ialichingapa pundingichu tapuchingapa kaiawarka",coordinador
"los estudios que desarrollábamos aquí, desde hacía más de diez años, nos habían mostrado a todos, estudiantes, profesores e investigadores, la profundidad, sutileza y belleza de la gramática y del léxico de las lenguas indígenas","chiuraka, mailla manchaspalla imapasmi ari ainirkani, chasa nispaka askurintimi alli iachiwarka",coordinador
"la práctica de sus textos mitológicos, de sus cantos, de su arte de contar nos habían convencido del gran valor estético, literario y de sabiduría de sus tradiciones","ña chi rimaikunata kaipi iachaikunakuska, chunga watami ka",coordinador
"sin embargo, traducir la constitución, o sea, buscar los equivalentes de expresiones y términos jurídicos muy propios de la tradición occidental a lenguas indígenas tan alejadas de esta misma tradición, suponía un desafío totalmente nuevo y un riesgo alto",nispami iachanchi imasa suma chi rimaikuna allichispa kagta i maituku chi rimaikuna suma kagta,coordinador
"el trabajo no podía ser un simple ejercicio individual de una persona que, manejando dos lenguas, se sienta en su escritorio y acomete, sola, la traducción","chi birsiai, iuiai, kausai, chikunata uiaspami nirkanchi, kaikunaka chitukumi iachakuna kaska",coordinador
"por la dificultad del texto castellano por traducir, por la necesidad de buscar en las lenguas indígenas palabras y giros con usos o sentidos muy poco familiares a los hablantes, era imprescindible dar un carácter colectivo a la traducción y recurrir a grandes conocedores de la tradición por un lado, a ""personas-puentes"" por otro lado",kai achka iachag pangata nukanchipa simima ialichingapa,coordinador
"las personas-puentes iban a ser, en primer lugar, indígenas lingüistas, formados casi todos en nuestro centro, pero también maestros, promotores de salud, líderes políticos, en general gente con un mejor conocimiento del mundo blanco; los conocedores de la tradición serían según los casos: mamos, payés, chamanes, taitas y ancianos o sea líderes espirituales de las comunidades","imasa iurakunapa simipi niraiaskasina churaspa, churaspa apachingapa",coordinador
"durante más de un año, los lingüistas indígenas organizaron equipos de traducción y reuniones con las comunidades para estudiar los textos, crear o rescatar términos, someterlos a discusión",askurinti manchaspa animalmi karkani,coordinador
en más de una ocasión tuvieron que volver a empezar porque la gente no entendía,"kai achka lachag pangata nukanchipa simima ialichiika, sug sapalla runa mana pudirkachu ruranga, mas iurakunapa i nukanchipa simi maituku askurinti allilla rimag kagpi imapas; sapalla tiarispa nukanchipa simipi churangapaka, suraka ministimi sug rigcha churaspa u sug rigcha kinguchispa apachingapa, antiwamanda mukanchipa rimaikuna chingaska kaskakunata kaugsachispa, kaugsachispa apachingapa i nispaka nukanchipa simipi churangapa, chasa ruragpi askurinti suma rigchami i alli uiarimi kangapa ka",coordinador
cada dos meses se reunían con nosotros en bogotá donde examinábamos las dificultades entre todos y tratábamos de ayudar,"suraka chaiami sug rigcha, sug rigcha kinguchispa apachingapa",coordinador
"no solamente tuvimos, con la ayuda de los abogados, que aclarar, explicar y comentar el texto de la constitución sino que, para acercar este pensamiento a culturas que no han conocido sino hasta hace muy poco la escritura alfabética o una organización social en ciudades, tuvimos que averiguar el nacimiento en el mundo occidental de muchas de estas palabras e ideas jurídicas: averiguar con filólogos, estudiar con filósofos, comparar con antropólogos, qué significado originario tienen palabras como ""derecho, ley, estado, autoridad, ciudadanía, democracia, etc","sug iaika iurakunapa simimanda nukanchipa simima ialchiura sug rigchami iacha niraianga, nispami askurinti iacha i askurinti rigsigkunata sug rigcha rimaikunapa simima ialichingapa kuarkani, sugkunaka ka universidad de los andes sutipi iachaikui puchukaskakunami kankuna",coordinador
""", entre las tribus indo-europeas de la antigüedad, entre griegos y latinos y también entre pueblos de otras tradiciones que se inventaron esta clase de nociones y palabras cuando el uso de la escritura y el acercamiento al mundo de las ciudades los impulsó a formalizar y desarrollar sus instituciones políticas, religiosas, económicas y penales","iachachigkuna, ambigkuna, mukanchimanda rimagkuna i tukui iurakuna imasa kaugsaska, iuiaskata rigsigkuna",coordinador
"este trabajo y una constante discusión sobre las, muy diversas, tradiciones indígenas de colombia nos permitieron ayudar a acuñar expresiones que no fueran simples equivalentes sino que se construyeran sobre raices fundamentales de la lengua","chikunata rigsigkuna sutikankunami: mamos, payés, chamanes, taitakuna i achalakuna u nukanchita ambig achala taitakuna",coordinador
"los símbolos de la casa, del cuerpo, de las direcciones del cósmos, de la firmeza, de la palabra sagrada como compromiso, y tantos otros, fueron así utilizados para este nuevo uso, así como lo fueran, en el nacimiento de la forma escrita del derecho donde quiera que apareciera","intiru wata mas, tukuikumamandapas mas iacha runakuna, sug mukanchipagmanda iacha runakunawa tuparispami, nukanchipa simima ialichii kallarirkakuna",coordinador
digitalizado por sistema de bibliotecas-universidad de los andes,"suraka nukanchipa rimai chingaska kaskata, kausachispa, kausachispa apachirkanchi u suraka mas achalakunata tapuchispa, tapuchispa apachirkanchi mana pandaringapa, suma uiari nukancipa simipi kidangapa",coordinador
"para que personas no hablantes de estas lenguas puedan medir el esfuerzo realizado y puedan apreciar el pensamiento indígena, pedimos a los lingüistas que presentarán también una traducción directa al castellano de la traducción en lengua indígena de los principales artículos de la constitución","suraka iskai u kimsa biajimi tapuchispa, tapuchispa ialichingapa nukanchipa",coordinador
aparece en la tercera parte de este libro,digitalizado por sistema de bibliotecas-universidad de los andes,coordinador
"esta parte sirve también a los maestros y estudiosos indígenas de las comunidades que quieran ver cómo se hizo la traducción, con ánimo de mejorarla y de entrar más profundamente en el funcionamiento de su lengua",kada iskai killami bogotapi iacharkanchi tupanakunga,coordinador
no se tradujo toda la constitución,"parlanakuspa kawachinakungapa, ari imasami nukanchipa simima ialichii apanakunchi u suraka wachu llugsichii nukanchi kikinpura aidachinakungapa, maikan pandarispa apakuskata",coordinador
solamente los artículos relativos a los derechos fundamentales de la persona y los que tienen que ver con los derechos de los pueblos indígenas,"sapallaka mana trabajarkanchichu, kada simima sug liduwami ialichirkanchi ailichinga, paika suma allichispa, imasa kaskasina willaspa",coordinador
"así todo, son más de cuarenta artículos",mana sugsinama kinguchispallami achka iachag pangataka nukanchipa simima ialichirkanchi,coordinador
creemos que se allanó el camino para traducir los otros cuando surja la necesidad,ña chasakari sutipami iachi nukanchipa rimaima ialichiskasina,coordinador
"solo se hizo la traducción en siete lenguas : el wayúnaiki de la guajira, el nasa yuwe o páez del cauca, el guambiano del cauca, el ika o arhuaco de la sierra nevada de santa marta, el camentsa y el inga de sibundoy, el cubeo del vaupés","iurakunapa rimaika nukanchipa simima mana ialichidur karkakunachu, kunaura musugllami chasa ruranakunchi",coordinador
estas lenguas están entre las más habladas de las sesenta y cinco lenguas diferentes que existen en colombia,"sugkunaka ñi nukanchi kikimpa rimaillatapas mana makiwa kalpachispa churangapa iachanchichu, chara kunaurami wawakunasina iachaikui kallarinakunchi, chasa rurangapa",coordinador
"sin embargo quedaron todas las otras por fuera de este esfuerzo, algunas con muchos hablantes también","chasa rurangapaka, iacha panganigtami maskaspa nukanchipa simima ialichingapa chaiarka u suraka, sug alpanigmanda iacha runakuna, paikunapa iuiawa imami munarkakuna ninga, chi iuiaikunata apispami iacharkanchi nukanchipa simima ialichinga",coordinador
las limitaciones en cuanto al dinero y en cuanto a lingüistas indígenas disponibles nos impidieron cubrir otras lenguas por esta vez,"kaikunata nukanchipa simima ialichingapa sug iacha sug iachatami chaiarka tapuchispa, tapuchispa apachingapa",coordinador
esperamos que pronto se pueda dar una experiencia semejante en otras comunidades que lo deseen,"nukanchi mana iachanchichu maimanda kai niraiakuna kagta u apagmugtakuna: ima sugmalla kaugsangapa ministiska, achka iachag pangapa wawa, atun llagta, iura nukanchita mandaspa charig, iurakunapa pangata charig, nukanchi munaskasina agllaska i sug imakunapas",coordinador
para nosotros este trabajo fue una experiencia muy satisfactoria,"kaikunataka griegokuna i latinokuna sutikunasi maikiwa kalchispa churaspa, churaspa apachii kallarirkakuna, tukuikunata rigsichingapa",coordinador
"muy satisfactorio también sentir la vitalidad de estos pueblos antiguos, emprendiendo nuevos caminos de entendimiento del mundo de hoy, que sean a la vez nuevos caminos de profundización de su memoria","paikunapa iuaimanda, iaiaimanda, kulkukunamanda, rinri kaugchuikunamanda tiaskata mana kungaringapa",coordinador
a todos muchas gracias,"ña kai ruraikuna apanakura chaiarkami suraka nukachipura piñanakugsina rimaspa, rimaspa kangapa",coordinador
jon landaburu (cnrs) director del centro colombiano de estudios de lenguas aborígenes (ccela),"ikuti sumaglla tukuspa chi rimaita u rimaikunata, imasa nukanchipa rimaipi allilla kangasina ialichispa churaspa apanga, allilla nukanchipa simipisina uiaringapa",coordinador
"santafé de bogotá, febrero de 1994",imasa nukanchipa wasi kagta,coordinador
digitalizado por sistema de bibliotecas-universidad de los andes,imasa nukanchita iaia sakiskasina,coordinador
artículos de la constitución política de colombia-1991 escogidos para su traducción a la lengua inga,"mailla nukanchita chaiaskata, nukanchipa rimaima kulumbiamanda achka iachag pangata ialichiska, 1991",titulo
digitalizado por sistema de bibliotecas-universidad de los andes,conversidad de 25 andes,titulo
artículos relativos a los principios fundamentales del estado,kulumbiamanda achka iachag pangakuna iapa ministiskata iuiachidiru,titulos_constitucion
artículos relativos a los derechos de las personas,nukanchi ima mañangapa ministiska,titulos_constitucion
articulos relativos a la protección de los derechos fundamentales,maikan mas suma mañadirukunata kawasunchi,titulos_constitucion
artículos relativos a los derechos de las lenguas y las culturas de los pueblos de colombia,"nukanchipa simikunamanda, imasa runakunamanda niraiaskasina",titulos_constitucion
artículos relativos a la participación en la vida,nukanchi imasa agllangapa u agllai tukungapa kagta,titulos_constitucion
artículo relativo a la justicia en los pueblos indígenas,nukanchipa taitakuna imasa,titulos_constitucion
artículos relativos a la organización de los territorios,nukanchipa alpakuna imasa kangapa kagta,titulos_constitucion
artículos relativos a los planes de desarrollo,suma iuiarispa mirachii,titulos_constitucion
"colombia es un estado social de derecho, organizado en forma de república unitaria, descentralizada, con autonomía de sus entidades territoriales, democrática, participativa y pluralista, fundada en el respeto de la dignidad humana, en el trabajo y la solidaridad de las personas que la integran y en la prevalencia del interés general",nukanchipa atun llagta kulumbia tukuikunamanda sumaglla kaugsangapa,articulos
"son fines esenciales del estado: servir a la comunidad, promover la prosperidad general y garantizar la efectividad de los principios, derechos y deberes consagrados en la constitución; facilitar la participación de todos en las decisiones que los afectan y en la vida económica, política, administrativa y cultural de la nación; defender la independencia nacional, mantener la integridad territorial y asegurar la convivencia pacífica y la vigencia de un orden justo",tukuikunata maki mañachingapami atun llagtapa iuiaika ká,articulos
"las autoridades de la república están instituidas para proteger a todas las personas residentes en colombia, en su vida, honra, bienes, creencias y demás derechos y libertades, y para asegurar el cumplimiento de los deberes sociales del estado y de los particulares","tukuikunamanda ima ministiska maskapungapa, nisaka kawanga ari sutipachu kuankuna",articulos
"la soberanía reside exclusivamente en el pueblo, del cual emana el poder público","nukanchi imasa munaskasinami iuianchi kaugsanga kai alpapi tukui kaugsagkuna, nispami tukui nukanchita iuiachigkunata ialichinchi",articulos
"el pueblo la ejerce en forma directa o por medio de sus representantes, en los términos que la constitución establece","chi suma iuaikuna nukanchikikin u atun taitakunawami tuku, imasa nukanchipa achka iachag pangakuna iachachiskasina",articulos
la constitución es norma de normas,achka iachag pangakunapa iuiaikunata sugllapi suiuchiskami ká,articulos
"en todo caso de incompatibilidad entre la constitución y la ley u otra norma jurídica, se aplicarán las disposiciones constitucionales","mana achka iachag pangakuna suma tukuskata u mana achka iachag pangapa wawa suma kagpika, nukanchita iuiachigkunami iuiachinga, imasa kangata u maikan mas iacha pangata iuiachingata",articulos
"es deber de los nacionales y de los extranjeros en colombia acatar la constitución y las leyes, y respetar y obedecer a las autoridades","kai i sug atun llagtamanda runakuna, kai kulumbiapi kaugsakuna tukuikunami iukanchi iuianga,imasa achka iachag pangakuna i achka iachag pangakunapa wawa niskasina, upallami iukanchi aja ninga atun taitakunata",articulos
"el estado reconoce, sin discriminación alguna, la primacía de los derechos inalienables de la persona y ampara a la familia como institución básica de la sociedad","tukuikunatami atun llagtaka rigsi, ñi pitapas mana sugma churaspalla, nukanchipa suma iuiaspa, suma kaugsaita sumaglla kuaspa i nukanchipa atunkunata sumaglla maki kuaspa i willaspa paikunami mas atunkuna kankuna",articulos
los particulares sólo son responsables ante las autoridades por infringir la constitución y las leyes,"mana kaimanda kaskakuna achka iachag pangakuna i achka iachag pangapa wawapagmami iukankuna ringa iuiai i ainingapa, mana achka iachag pangakuna niskata uiagmanda",articulos
los servidores públicos lo son por la misma causa y por omisión o extralimitación en el ejercicio de sus funciones,chasallata kikin taitakuna mana suma iuiachigmanda u mana suma iuaikunawa sugkunata llakichispa purichigmanda paikunatapasmi achka iachag pangakuna iuiachingapa kaiangapa kankunata,articulos
"las relaciones exteriores del estado se fundamentan en la soberanía nacional, en el respeto a la autodeterminación de los pueblos y en el reconocimiento de los principios del derecho internacional aceptados por colombia","nukanchipa atun llagta, sug atun llagtakunawa rimangapami iuiá, nukanchi imasa munaskasina iuiangapa i nukanchipa atun taitakuna ailastimaskasina",articulos
"de igual manera, la política exterior de colombia se orientará hacia la integración latinoamericana y del caribe","imasa kikin wawa llagta, uchulla llagtakuna sumaglla tapuchiskasina, i sug atun llagtanigta suma iuiaspa kaugsaikunata nukanchipa kulumbia animuskata",articulos
el derecho a la vida es inviolable,ni pipas wañuchii u wañuchichii mana pudingapa kanchu,articulos
no habrá pena de muerte,nukanchipa kaugsaitaka runakuna mana pudinkunachu anchuchingapa,articulos
"nadie será sometido a desaparición forzada, a torturas ni a tratos o penas crueles, inhumanos o degradantes",ni pitapas mana,articulos
"todas las personas nacen libres e iguales ante la ley, recibirán la misma protección y trato de las autoridades y gozarán de los mismos derechos, libertades y oportunidades sin ninguna discriminación por razones de sexo, raza, origen nacional o familiar, lengua, religión, opinión política o filosófica","achka iachag pangapa ñawipi tukuikunami sugllasina kanchi,  air iwan ke  tuikunatami atun llagtapi kawagkuna iual maki kuanga, 4500 ñi pitapas mana sugma anchuchispalla, pañaspa imasa nigmanda u iuiagmanda",articulos
dan el estado promoverá las condiciones para que la igualdad sea real y efectiva y adoptará medidas en favor de grupos discriminados o marginados,"kari warmi parijumi iual  oxo  xx1888 nai  kanchi, mas sug rigcha kaugsakuna imapas, u sug simi u sug iuiai iukagkuna imapas u sug iuiaiug imapas",articulos
"pol  el estado protegerá especialmente a aquellas personas que por su condición económica, física o mental, se encuentren en circunstancia de debilidad manifiesta y sancionará los abusos o maltratos que contra ellas se cometan","atun llagta tukui ministidutami sugllapi suichispa iuka maskanga, chasa ruragpika sutipa i allillami kanga, suma taitasina mana piñaspalla wagchukunatapasmi iuká sumaglla kawaspa aidanga",articulos
"se prohíben la esclavitud, la servidumbre y la trata de seres humanos en todas sus formas","ni pitapas mana allikanchu ianga, mana kulki kuaspalla trabajachinga u piñaspa trabajachispa charinakungapa",articulos
se garantiza la libertad de conciencia,achka iachag pangakuna nukanchipa iuiaita iangami kawangapa ká,articulos
nadie será molestado por razón de sus convicciones o creencias ni compelido a revelarlas ni obligado a actuar contra su conciencia,"ni maikanpas mana piñangapa kanchu nukanchipa iuiai u munaimanda, kawachii u willai mana iukanchichu 30  willanga, nukanchi ima iachaska u ima iuiaska terma nukanchillami iukanchi charinakunga",articulos
"todo colombiano, con las limitaciones que establezca la ley, tiene derecho a circular libremente por el territorio nacional, a entrar y salir de él, y a permanecer y residenciarse en colombia","tukui kai atun llagtapi kaugsag runakuna pudinchimi puringa intiru nukanchipa atun llagtapi u llugsinga sug llagtakunama u ikuti kutimunga nukanchipa atun llagtamallatata, i nisaka maipi mas sumaskapi kai kulumbiapi kaugsangapa",articulos
"el estado garantiza las libertades de enseñanza, aprendizaje, investigación y cátedra","nukanchipa atun llagta tukuikunatami iuka kuanga, nukanchi ima munaska ianga iachaikungapa u nukanchita ima mas ministikata iachaikungapa, u iachachigkuna imasa suma iachaskasina iachaikugkunata iachachingapa",articulos
la mujer y el hombre tienen iguales derechos y oportunidades,"warmi, kari chasallatami suma iuiaspa i suglla tukuspa iukanchi kaugsanga",articulos
la mujer no podrá ser sometida a ninguna clase de discriminación,warmita mana pudinchichu laduma churanga,articulos
"durante el embarazo y después del parto gozará de especial asistencia y protección del estado, y recibirá de éste subsidio alimentario si entonces estuviere desempleada o desamparada","wawawa ungug kaura i ña wamra iukaskauramanda atun llagta iukami, ima ministiska ialinchinga, mana ñi pipas kawangapa tiagpika u mana ñima iukagpika",articulos
"son derechos fundamentales de los niños: la vida, la integridad física, la salud y la seguridad social, la alimentación equilibrada, su nombre y nacionalidad, tener una familia y no ser separados de ella, el cuidado y amor, la educación y la cultura, la recreación y la libre  expresión de su opinión","kai suma iuiaspa kaugsai wawakunata mana iukancichu pisichinga, kuirpupi ñimapas mana iukanchi pisinga, mana ungug kangapa i nukanchi runapura kaugsaskapi  xxonai  anderson  allilla kangapa, alli mikui mikungapa, atunkuna iukangapa, atunkunapagmanda mana llugsichii tukungapakuna, kuiai tukuspa i sumaglla munanakuspa, iachaikui i tukuikunapa iuiai i kaugsai pugllai paikuna imasa munaskasina u imasa iuiaskasina rimangapa",articulos
"serán protegidos contra toda forma de abandono, violencia física o moral, secuestro, venta, abuso sexual, explotación laboral o económica y trabajos riesgosos","imasa sitaska kaskakunapas, kawaimi tukungakuna",articulos
"gozarán también de los demás derechos consagrados en la constitución, en las leyes y en los tratados internacionales ratificados por colombia",allilla kaskakunapas chasallatami chaskingakuna,articulos
"la familia, la sociedad y el estado tienen la obligación de asistir y proteger al niño para garantizar su desarrollo armónico e integral y el ejercicio pleno de sus derechos","michami wawakunata wagllichingapa kikinkunata, paikunapa iuiaita, pakaspa upalla pusangapa, wawakunapa kuirputa trabisiangapapas askurintimi micha, katui, paikuna ruraskata apirii, ianga trabajachii, kulkita apiripungapa, ña wañungasina rurainigta ganaskata",articulos
cualquier persona puede exigir a la autoridad competente su cumplimiento y la sanción de los infractores,iukanganapasmi chi suma iuiakuna achka iachag pangakuna i achka iachag pangakunapa wawapi imasa niraiaskasina i sug atun llagtakunawa sugllapi iuiariska iachag pangakunawa i kulumbia ar siñur niskawa,articulos
los derechos de los niños prevalecen sobre los derechos de los demás,"atunkuna, kaipi runapura kaugsagkuna i atun llagta iukankunami sugmalla kawaspa, ima ministiska randipuspa, wawakunata sumaglla atarichingakuna, chasa ruragpika sumami wiñangakuna u mana kagpika panagtami wiñangakuna",articulos
los particulares podrán fundar establecimiento educativos,maikan runakunapas wasikuna saiachispa pudinkunami iachachinga,articulos
la ley establecerá las condiciones para su creación y gestión,achka iachag pangapa wawami ninga,articulos
la comunidad educativa participará en la dirección de las instituciones de educación,"imakunami ministi wiñachispa iachachii kallaringapa u maikan iurakunapa panga ministigta, atun llagtapi kawagkunata kawachispa kuagringapa",articulos
la enseñanza estará a cargo de personas de reconocida idoneidad ética y pedagógica,atun llagtapi iachachidiru wasinigtami iachachigkuna iukankuna kangakuna,articulos
la ley garantiza la profesionalización y dignificación de la actividad docente,"iachachigkuna, allilla i sumami iukankuna iachangakuna wamrakunata iachachingapa",articulos
los padres de familia tendrán derecho de escoger el tipo de educación para sus hijos menores,askurinti alli umami iukankuna kangakuna,articulos
en los establecimientos del estado ninguna persona podrá ser obligada a recibir educación religiosa,achka iachag pangapa wawami maki kuangapa kankunata mas iachaikungapa i sumaglla kuiachispami iachachigkunata charingakunata,articulos
los integrantes de los grupos étnicos tendrán derecho a una formación que respete y desarrolle su identidad cultural,"wamrakunapa taitakunami iukankuna agllanga, paikunapa uchulla wawakuna ima iachaikungapa munaska",articulos
"la erradicación del analfabetismo y la educación de personas con limitaciones físicas o mentales, o con capacidades excepcionales, son obligaciones especiales del estado","atun llagtapa iachachii wasinigta mana munaskataka ñi pipas mana pudinchu sug iuiakunapa iuiaita iachachinga, nukanchipa iaiakunapa iuiaita kichuspa",articulos
son nacionales colombianos:  c,kawasunchi ari pikunami kulumbianu niraianchi:  a,articulos
"los miembros de pueblos indígenas que compartan territorios fronterizos, con aplicación del principio de reciprocidad según tratados públicos","sug llagtapa wawakuna, kai llagtamandasina niraiangapa, sug pangapi allilla iuiarispa, sug makiwa pangapi kalpachispami mañangakuna, imasami achka iachag pangakunapa wawapi niraian chasallata, ñi maillapas mana sugma kinraiaspalla, chi achka iachag pangakunapa wawallatatami ninga imaurami mana chasa chaskingakuna u mana ningakuna, sug llagtapa wawa kagmanda",articulos
"resumen de los artículos 86, 87, 88 redactado por los abogados asesores de la traducción",c,articulos
la constitución colombiana nos dice cuáles son nuestros derechos y la manera de protegerlos y exigir su cumplimiento,"tukui nukanchipa runakuna, sug llagtakunapa pundirichu kaugsakuna u sug ladu chimba ialispa kaugsakunatapasmi iukanchi ninga; nukanchipa atun llagtamandami kankuna, ña chasa niraiangapa, chi atunkuna nukachita charig iurapura, paipurami rimanakunga, imasa paipura rimanakuskasina i makiwa pangapi kalpachispa wakachiska iukankuna chasa",articulos
"algunos de los derechos son considerados fundamentales como el derecho a la vida, la libertad personal, el buen nombre y otros mencionados en los artículos del 11 al 41 de la constitución nacional","pusag chunga sugta, pusag chunga kanchis, pusag chunga pusag hordator (86,87,88) achka iachag kulumbiamanda pangakuna willami maikankuna nukanchi mañadiru i kawadiru kagta, imasa niraiaskasinami munai mana munai iukankuna kuangakuna",articulos
para hacer efectiva la protección de estos derechos existen unos mecanismos que podemos utilizar las personas directamente o por medio de un abogado,"tukui runakumanda, kaugsai, iapa ministidumi ká",articulos
los mecanismos para proteger nuestros derechos se llaman acciones y se pueden utilizar cuando exista una amenaza de violación de los derechos o cuando se hayan violado en perjuicio de las personas o de las comunidades,"ñi pitapas ianga mana wañuchingapa pudirinchu, ima munaskami rurangapa pudiri; piru ñi pitapas mana llakichispalla, allilla rimaspa, imasami chunga sug, 1000 chusku chunga sug suiuchiikama willaku chasa, chi achka iachag pangakunapi",articulos
por medio de las acciones se acude ante los jueces para solicitar protección,"kai mañadirukuna ña sutipa nukanchita charig iurakuna kuangapa, nukanchi kikinllami pudinchi ringa ast mañangapa; mana sug lidu rimapungapa maskaspalla",articulos
las principales acciones son: 1,"asnikm  maiaaaxx  kai mañadirukuna, nukanchi kikin mañadirumi suti ka; nukanchipa suma iuiaita u kaugsaita nanachigpikuna u ña sutipa runakunata u tukui nukanchipa alpapi kaugsagkunata nanachigpikunaka, sug iura mana suma kaskata allilla iuiachidurpagmami iukanchi willangapa ringa, paita aiudawai ruangapa",articulos
acción de tutela: esta acción la regula el artículo 86 de la constitución nacional,nukanchi imasa rimagridiru kaskakunata kaugasunchi: 1,articulos
"toda persona o comunidad que se vea amenazada por un mal que no tenga reparación o que no disponga de otro medio de defensa, puede pedir a cualquier juez que le protejan de la amenaza o violación de sus derechos fundamentales",nukanchipata kutichingapa mañadiru,articulos
el juez ante quien se interponga la acción de tutela tiene un plazo límite de diez (10) dias para resolver la reclamación,kaika pusag chunga sugta suiuchiipimi niraiá,articulos
"las acciones populares sirven para proteger derechos e intereses colectivos relacionados con los bienes de uso público, el espacio, el ambiente, la seguridad y la salubridad públicas y otros que contemplan nuestra constitución y la ley","sapalla u tukuikuna iuiaipi u kaugsaipi nanachigpi u manchachii apagpi mana ñi pipas michangapa tiagpi, maikan iura mana suma kaskata allilla iuiachi durpagmami iukanchi ringa, mana allilla kagmanda jirukunata allichipuai ruwangapa",articulos
"cuando la violación de estos derechos causen daños a una comunidad o a un grupo de personas, cualquier persona puede reclamar ante los jueces en nombre de todas, la reparación del daño","pai tukuikunatami iuka sumaglla aiudaspa kawanga, nukanchipa atunkunasina, tukui nukanchimanda suma chaiaskakunata",articulos
el estado reconoce y protege la diversidad étnica y cultural de la nación colombiana,"tukui sug rigcha kaugsag runakunatami atun llagta muná, i kawá, paikunapa imasa kaugsai i iuiai iukaskawa kai kulumbia llagta suti kaskapi u kai mama llagtapi",articulos
es obligación del estado y de las personas proteger las riquezas culturales y naturales de la nación,"tukui ima suma tiaska (alpa, alpa ukuma u awalla; sacha ukupi u awalla) atun llagta i nukanchi kikinkunami iukanchi kawanga",articulos
el castellano es el idioma oficial de colombia,"iurakunapa rimaita, tukuikunami nukanchipa kulumbiapi iukanchi rimanga",articulos
las lenguas y dialectos de los grupos étnicos son también oficiales en sus territorios,"nukanchipa sug rigcha kaugsai runakunapa rimai, iurakunapa rimaisinami kanga nukanchipa uchulla llagtapi",articulos
la enseñanza que se imparta en las comunidades con tradiciones lingüísticas propias será bilingüe,nukanchi kaugsaska llagtapi iurakunapa i nukanchipa simipimi iukanchi iachachinga iachaikug wawakunata,articulos
"los bienes de uso público, los parques naturales, las tierras comunales de grupos étnicos, las tierras de resguardo, el patrimonio arqueológico de la nación y los demás bienes que determine la ley, son inalienables, imprescriptibles e inembargables","tukuikunamanda niraiaska, tukuikunamandami ká, sachukukuna wakachiska, sug rigcha kaugsag runakunapa alpa, ñugpamanda runakuna ruraska sakiska, kai mama llagtapami ká, i sug ima tiaskakuna imasa achka iachag pangakuna wawapi niraiaskasina, chikunami kankuna mana katudiru, mana kichunga pudiri suma iuiaspa kaugsai mana tukuringapa kanchu",articulos
"el estado tiene el deber de promover y fomentar el acceso a la cultura de todos los colombianos en igualdad de oportunidades, por medio de la educación permanente, y la enseñanza científica, técnica, artística y profesional en todas las etapas del proceso de creación de la identidad nacional","atun llagta tukuikunatami iuka rigsichinga, tukuikunapa iuiai i kaugsaita, sug rigcha kaugsaikunawanta tukui kai alpapi kaugsaskakuna, kati katilla iachachispa, sumaglla kawachispa, paikuna imasa rurangapa pudingasina, imasa mama llagtamandakuna iuiaskasina",articulos
la cultura en sus diversas manifestaciones es fundamento de la nacionalidad,"kai atun llagtapi achka sug rigcha iuiai i sug rigcha kaugsaiùg runakunami tiankuna, chikunapas mama llagtapa ká",articulos
el estado reconoce la igualdad y dignidad de todas las que conviven en el país,"tukui atun llagtapi kaugsakuna, tukuikunawa iualmi kanchi ñipipas mas atun mana kanchu",articulos
"el estado promoverá la investigación, la ciencia, el desarrollo y la difusión de los valores culturales de la nación","atun llagtaka iukami maskanga sugkuna imasa kaugsanakugta rigsiikuna, imasa mas nukanchi iacha kangapa, chimi mas suma wiñachispa apasunchi, nispa pudinchimi sugkunata kawachinga, nukanchi imasa kaugsai iuiai iukagta",articulos
el patrimonio cultural de la nación está bajo la protección del estado,nugpamandakunapa iuiai kaugsai tukui ima kai atun llagtapi tiaska mama llagtami iuka kawaspa sumaglla wakachinga,articulos
"el patrimonio arqueológico y otros bienes culturales que conforman la identidad nacional, pertenecen a la nación y son inalienables, inembargables e imprescriptibles",ñupagmanda runakuna ruraspa sakiskata i sug imakuna tiaska mama llagtapami ká,articulos
la ley establecerá los mecanismos para readquirirlos cuando se encuentren en manos de particulares y reglamentará los derechos especiales que pudieran tener los grupos étnicos asentados en territorios de riqueza arqueológica,"chikunataka mana katudiru kanchu, mana kichungapa pudirinchu, maituku unai nukanchi sakigpipas, nukanchi kikinpami kanga",articulos
"todo ciudadano tiene derecho a participar en la conformación, ejercicio y control del poder político","kai atun llagtapi kaugsagkuna kari, warmikuna; chunga pusag wataiugkuna, tukui iurakunapa panga charigkuna kaikunami pudinchi ruranga:  sug",articulos
para hacer efectivo este derecho puede: 1,"sumaglla imasa nukanchipa umawa sumaglla iuiarispami iukanchi mañanga, maikan mas alli atun suma atun llagtapi kaugsagkunata agllanga, nukanchipa atun kangapa; chimi chasallata nukanchitapas allilla iuiarispa maskangakuna",articulos
elegir y ser elegido,iskai,articulos
2,"atun llagtapi charig runakunata agllai apanakura, nukanchipasmi iukanchi agllanga, nukanchimanda mas suma kangapa tapuchii tiaura chipipasmi tukui nukanchi runakuna iukanchi kagringa",articulos
"tomar parte en elecciones, plebiscitos, referendos, consultas populares y otras formas de participación democrática",kline  xan  kimsa,articulos
las autoridades garantizarán la adecuada y efectiva participación de la mujer en los niveles decisorios de la administración pública,"nukanchipa alli iuiaikunata kaugsachispa, wiñachispa kawachisunchi, tikui llagtamanda runakunata, maikankuna tuparingapa munaskata kaiasunchi",articulos
el senado de la república estará integrado por cien miembros elegidos en circunscripción nacional,"kai atun llagtapi awanigmanda kawagkuna, patsa iurakunami iukankuna kanga, tukui kai atun llagtapi kaugsagkunata paipura maskachiriska",articulos
habrá un número adicional de dos senadores elegidos en circunscripción nacional especial por comunidades indígenas,"nukanchipas iskai awanigmanda kawagmi pudinchi maskanga, iurakuna munagpi u mana munagpi imapas, nukanchipa iaskai runakuna iukankunami tiagrigringa, paikunata maipi chaiaskapi, nukanchimanda sumaglla rimaspa i kawaspa",articulos
los ciudadanos colombianos que se encuentren o residan en el exterior podrán sufragar en las elecciones para senado de la república,"iurakuna i nukanchipa runakunapas, sug llagtapi kaugsagriskakunapasmi pudinkuna awanigmanda kawagkunata maskangakuna, paikunata maskai tiaura",articulos
la circunscripción especial para la elección de senadores por las comunidades indígenas se regirá por el sistema de cuociente electoral,"iurakuna sakingapami kankuna, nukanchipa iskai mas atun awanigmanda kawagkunata, maikan mas achka maitu mirachiskata",articulos
"los representantes de las comunidades indígenas que aspiren a integrar el senado de la república, deberán haber ejercido un cargo de autoridad tradicional en su respectiva comunidad o haber sido líder de una organización indígena, calidad que se acreditará mediante certificado de la respectiva organización, refrendado por el ministro de gobierno",chika nukanchipa iskai runakunamandallami chasa niraiá,articulos
"para ser elegido senador se requiere ser colombiano de nacimiento, ciudadano en ejercicio y tener más de treinta años de edad en la fecha de la elección","awanigmanda kawagta agllangapa, kai nukanchipa llagtapi iukariskami iuka kanga, ñimapipas mana pandariska, paita maskanakuraka kimsa chunga wata chasamami iuka iukanga",articulos
la cámara de representantes se elegirá en circunscripciones territoriales y circunscripciones especiales,"awanigmanda kawadurkunata katiraiagkunata maskaringami, wawa llagtakunapi, imaura iurakuna  willaura",articulos
la ley podrá establecer una circunscripción especial para asegurar la participación en la cámara de representantes de los grupos étnicos y de las minorías políticas y de los colombianos residentes en el exterior,"achka iachag pangakunapa wawami churanga, imasa nukanchipapura runallata agllangapa kagta, chimi nukanchipas iukasunchi awanigmanda kawadurkunata katiraigkuna, ianakunapas nukanchisinami iukankuna agllanga, sug iurakuna i nukanchipa runakunapas sug llagtapi kausagkuna chasallatami agllangakuna",articulos
para ser elegido representante se requiere ser ciudadano en ejercicio y tener más de veinticinco años de edad en la fecha de la elección,"kai llagtapi awanigmanda kawadurta katiraig tiarigringapa, pai iukami nukanchipa llagtamanda i mana mana  nukanchipa taitakunapagnigta u iurakunapagnigta iuiachispa purichiska kanga",articulos
"las autoridades de los pueblos indígenas podrán ejercer funciones jurisdiccionales dentro de su ámbito territorial, de conformidad con sus propias normas y procedimientos, siempre que no sean contrarios a la constitución y leyes de la república",nukanchi kikinpurata agllaska atun taitakunami iuiachingakuna nukanchipapurapa alpapika,articulos
la ley establecerá las formas de coordinación de esta jurisdicción especial con el sistema judicial nacional,"maikan nukanchi pandarispa kaugsanakugpika, nukanchipa ñugpamanda atunkuna imasami iacharkakuna nukanchipa rinrita mukunga, chasami mukuspa apachingakuna mana suma ruraspa kaugsagkunata",articulos
"son entidades territoriales los departamentos, los distritos, los municipios y los territorios indígenas","iurakuna ruraspa sutichiska wawa llagta, awa wasikuna i achka wasikunaiug, iurakuna sumaglla kaugsadiru, iurakuna uchulla llagta sutichiska i nukanchipapurapa alpapasmi atun llagtapa e  wawakunallatata ka",articulos
la ley podrá darle el carácter de entidades territoriales a las regiones y provincias que se constituyan en los términos de la constitución y de la ley,"atun llagtapa katilla alpakuna i puntu wawa llagtapa tuot alpakunapasmi atun llagtapa wawa alpakuna kanga, imasa achka iachag pangakunapi achka iachag pangakunapa wawapi willaraigsamu chasami llugsinga",articulos
"las entidades territoriales gozan de autonomía para la gestión de sus intereses, y dentro de los límites de la constitución y la ley","atun llagtapa wawakuna, kikinkunami kawanakungapa kankuna, kikinkunamanda ima mailla ministiska maskaspa iukangapa, imasa achka iachag pangakunapi wawapi willaku chasa",articulos
en tal virtud tendrán los siguientes derechos:,chasa apachiraigmandami kaikuna chaskingapa kankuna,articulos
"con el cumplimiento de los requisitos y formalidades que señale la ley, y en los casos que ésta determine, se realizará el examen periódico de los límites de las entidades territoriales y se publicará el mapa oficial de la república","imasami achka pangakunapa wawapi apachiraiá (riraiá), chasami iuka kanga atun llagtapa wawakunata kinchachiskauramandaka, kada sugratumi iukanchi chapanakugringa, mana ñi pipas uchullaiachipungapa",articulos
"la conformación de las entidades territoriales indígenas se hará con sujeción a lo dispuesto en la ley orgánica de ordenamiento territorial, y su delimitación se hará por el gobierno nacional con participación de los representantes de las comunidades indígenas, previo concepto de la comisión de ordenamiento territorial",atun (329),articulos
los resguardos son de propiedad colectiva y no enajenable,"atun  llagtapa wawakuna nukanchipurapa alpapimi rurangakuna, achka iachag pangakunapa wawapimi willaraiá i apachiraiá, kinchachiikunaka atun llagtata charig iura runami kasa kinchachii ninga, chiuraka tukui taitakuna i nukanchimanda rimapug waugkikunapasmi iukankuna kinchachispa i maikamami kinchachiska kawaspa purinakunga, ña chasa rurangapaka chaiakumi suiangapa sug wasipi, kinchachii mandag sutikunami tianaku paikuna kinchachii niura",articulos
"de conformidad con la constitución y las leyes, los territorios indígenas estarán gobernados por consejos conformados y reglamentados según los usos y costumbres de sus comunidades y ejercerán las siguientes funciones:","imasa achka iachag pangakuna i achka iachag pangakunapa wawapi willaku, chasami nukanchipapurapa alpanigta nukanchipa iuiaiwa iukanchi charinga, sug iuiachispa purigkunami iukanchi maskanga, imasa iurakuna nukanchita charinkuna chasa, achka iachag pangakunapa wawapi kalpachiraiaskasina, imasa kaugsai, iuiai kaskasina, kaikunami pudinchi ruranga:  oxixxim  umuz con ingrenem sqeelliw senuchun saulut iqelliguz",articulos
"las entidades territoriales elaborarán y adoptarán de manera concertada entre ellas y el gobierno nacional, planes de desarrollo, con el objeto de asegurar el uso eficiente de sus recursos y el desempeño adecuado de las funciones que les hayan sido asignadas por la constitución y la ley",tiq sqaidoine imamlansleidoilsi,articulos
"habrá un consejo nacional de planeación integrado por representantes de las entidades territoriales y de los sectores económicos, sociales, ecológicos, comunitarios y culturales","atun llagtapi sugllapi tukuska runakunami tianga ministidukuna mañangapa sug atun llagtapa wawata uchullaiachiskamanda runakunawa, sug kulki iukagkunawa, mana kulki iukagkunawa, alpapi ima  alexand  n z  xx  tiaskata kawagkunawa, tukui kaugsagkunawa i runakunapa iuiai i kaugsaita mana wañuchispalla",articulos
el consejo tendrá carácter consultivo y servirá de foro para la discusión del plan nacional de desarrollo,kai sugllapi tukuska runakunaka willaspa mañangakuna suma iuiarispa mirachig runakunata imakuna ministiskata,articulos
"los miembros del consejo nacional serán designados por el presidente de la república de listas que le presenten las autoridades y las organizaciones de las entidades y sectores a que se refiere el inciso anterior, quienes deberán estar o haber estado vinculados a dichas actividades","atun llagtapi sugmalla tukuska runakunata, atun hollagtapi charig iurarunami agllanga, nukanchipurakunata kawag, achka runakuna sugllapi tukuska nukanchipa iuiaiwa u sugkunapa iuiaiwa sugkuna imasa paikuna kaugsakasina, nukanchikikin agllaska ialichiskata",articulos
su período será de ocho años y cada cuatro se renovará parcialmente en la forma que establezca ley,imasami suiuchispa pitikunapi niraian chasa,articulos
"en las entidades territoriales habrá también consejos de planeación, según lo determine la ley",chi nukanchikikin agllaskakunaka iukankunami allilla rigsinga u chikuna rurai puriskakuna kanga,articulos
el consejo nacional y los consejos territoriales de planeación constituyen el sistema nacional de planeación,"paikunataka pusag watapami agllanga chusku wata kaura sug maillakunatami pudinkuna trukanga, imasa achka iachag as masa fa pangakunapa wawa niskasina",articulos
los municipios participarán en los ingresos corrientes de la nación,"wawa llagtata katiraiagkunapasmi kulki chaskingakuna, runakuna kaugsadiru atun llagtata",articulos
"la ley, a iniciativa del gobierno, determinará el porcentaje mínimo de esa participación y definirá las áreas prioritarias de inversión social que se financiarán con dichos recursos","achka iachag pangakunapa wawa, imasa atun llagtata charig iura runa mailla u achka ialichiskasina, i paimi ninga maipi, imapi, imaura chi kulkikunata ministiskapi tukuchingapa",articulos
"para los efectos  de esta participación, la ley determinará los resguardos indígenas que serán considerados como municipios","chi kulkikunata chaskingapa, achka iachag pangakunapa wawami ninga, iurakuna, wiñachiska, nukanchi unai charinakuska alpakunapasmi kangapa ká wawa llagtata katiraiagkuna",articulos
artículo transitorio 45,suiuchiita allichispa kawachig (transitorio 45),articulos
"los distritos y los municipios percibirán como mínimo, durante la vigencia fiscal de 1992, las participaciones en el impuesto al valor agregado, iva, establecidas en la ley 12 de 1986","wawa llagtata katiraiagkuna mas achka kulkinmi chaskingapa kankuna atun llagtata wata watapi, patsapi chunga chusku iapachingapa, kai waranga iskun patsa iskun chunga kimsa watapi, patsapi, iskai chunga iskai, maillallapas iapachi chaiankama, iskai waranga iskai watakama",articulos
"a partir de 1993 entrará a regir lo dispuesto en el artículo 357 de la constitución, sobre participación de los municipios en los ingresos corrientes de la nación","achka iachag pangakunapa wawami willangapa ká, imaurami mas iapachingapa kagta i ningapa ká ikuti mas kulki kuaspa richispa apangapa kankuna wawa llagtata katiraiagkunata, paikuna imasa chaskiskasina allilla ialichispa tukuchingapa",articulos
"la ley, sin embargo, establecerá un régimen gradual y progresivo de transición a partir de 1993 y por un período de tres años, al cabo del cual entrarán en vigencia los nuevos criterios de distribución señalados en el citado artículo","nukanchi agllaska nunakuna nukanchita iuiachingapa iukankunami kawachinga, atun llagtapi kagkunata imasa gastangapa kagta i sumaglla kawaspa mana suma kaskakunata, mana suma ruragpikuna,  anna  xx",articulos
