esp,ing
tunichii,derrumbar (algo)
chukari,asfixiante
aparecer,kawarii
se distribuye,rasiunarii
volverse delgado,ñañuiai
calumniar,juchachii
moscardón,gatsu
salir granos,muiuiai
un poquito,astikalla
cualquier persona puede exigir a la autoridad competente su cumplimiento y la sanción de los infractores,iukanganapasmi chi suma iuiakuna achka iachag pangakuna i achka iachag pangakunapa wawapi imasa niraiaskasina i sug atun llagtakunawa sugllapi iuiariska iachag pangakunawa i kulumbia ar siñur niskawa
probarse,tantiarii
hacer,allichichii
rociar,shabimachii
criada,wawa
asllita,ashllita
empequeñecer,uchullaiachii
deseo manifestar mi profundo agradecimiento al sr,chiwanka paipa mandupimi kidarkani
casa,wasi
"me asiste la certeza de que con la conclusión de este esfuerzo, ustedes reciben las herramientas necesarias para emprender la construcción de un nuevo y mejor futuro","kai nukanchikikinpa rimaipimi makiwa kalpachispa kuanakunchi, kai achka iachag pangata kamkunata kuangapa kaskataka, askurinti allimanda i sumagllami iuiarispa ruraska ka"
madre,mama
protegerse,kincharii
empajar,maitui
emborrachar,machachii
andar vagando,bandiriai
junco,pukuna
segunda desyerba,chabsii
digitalizado por sistema de bibliotecas-universidad de los andes,iangaka mana ñitkarispa pirirshangichichu
esperamos que pronto se pueda dar una experiencia semejante en otras comunidades que lo deseen,"nukanchi mana iachanchichu maimanda kai niraiakuna kagta u apagmugtakuna: ima sugmalla kaugsangapa ministiska, achka iachag pangapa wawa, atun llagta, iura nukanchita mandaspa charig, iurakunapa pangata charig, nukanchi munaskasina agllaska i sug imakunapas"
volverse pegajoso,llaugsaiai
menearse,kuiuririi
chamuskai,chamuscar
choclo,chuchuka
Todavía no,Amara
blanquearse,iuraiai
estar enfermo,ungui
llenarse,jundachirii
empalagarse,amirii
torcerse,kaugpurii
ortigar,chinii
sonriente,pingari
hacer buscar,maskachii
mosco grande,kirisa
aplanarse,pambaiai
mishu,astuto
lluspirii,bajarse
abarcar,kamachii
maíz capia,kapia sara
estirado,chuta
cobija,katanga
billete,billiti
hierba filuda,kuchuringa
desocuparse,disukuparii
agujerear,jutkuchii
antojado,karchu
estar,kai
ají,uchu
admirar,ujnai
cuerda,waska
abceso,kuku chupu
aclarar,punchaiai
yajé,aia waska
enfriar,chiriachii
kuitinsa muiu,chirilla
abuelo,achala taita
disentería,ialichii ungui
siempre enfermo,ungu siki
elevar,awaiachii
agua barrosa,turu iaku
wagllichii,destruir
cualquier,pipas
frotar,kakui
almai,deshojar
gatear,llukarii
hacer acarrear,astachii
bastón,tanua
¡Bien!,Allilla
desde allí,chimanda
pasar,chimbai
labio,simi kara
encía,bungua
con qué,imawantak
muy,askurinti
hermanastra,pani ninga
tugsii,chuzar
bejuco,tigri waska
aplanar,pambaiachii
glotón,galgu
carne,aicha
amarse,kuiarii
cuentos,parlai
¡Gracias!,Pai
sucio,mapa
pisku,ave
blando,apiaska
el estado reconoce la igualdad y dignidad de todas las que conviven en el país,"tukui atun llagtapi kaugsakuna, tukuikunawa iualmi kanchi ñipipas mas atun mana kanchu"
casita pequeña,tambu
planta,kuichi panga
ser criticado,uiachii tukui
angosto,kichki
cedazo,susunga
lesiones,kakui
tener sueño,puñunaiai
puerco,kuchi
nudo,ñudu
cernidor,susunga
picante,aia
¡Dios mío!,Ataitiku
bejuco,waska
atardecer,chisiai
amante,rigsi
acordar,iuiai
dar planazos,planiai
poco,aslla
angustiar,llakichii
empacado,llunchiska
tiempo largo,unai
todavía,chara
chaparu,chaparral
illarii,ausentarse
recibir,chaskii
upaiachii,atontar
"a partir de 1993 entrará a regir lo dispuesto en el artículo 357 de la constitución, sobre participación de los municipios en los ingresos corrientes de la nación","achka iachag pangakunapa wawami willangapa ká, imaurami mas iapachingapa kagta i ningapa ká ikuti mas kulki kuaspa richispa apangapa kankuna wawa llagtata katiraiagkunata, paikuna imasa chaskiskasina allilla ialichispa tukuchingapa"
brujear,samai
abandonado,sitaska
formarse,furmarii
sanarse,aichaiai
preparar chicha,aswai
deshojar,jibikai
¡Bien!,Allisia
guardarse,wakachirii
cuerno,kachu
niño barrigón,butijun
acomplejarse,plujiarii
solamente éste,kailla
untado,awiska
andar,purii
filuda,kuchug
arder(se),raurarii
encapricharse,kapricharii
ensuciar,mapaiachii
espinazo,wasa
blanco,iura
"esperando tener mucho eco, atentamente,",chasa kagmandami mandanakunchi tukuikuna apispa riichi: 1
amarrado,wataska
decirse,nirii
cincuenta centavos,fuirti
árbol higuerón,bamba
enfadado,kunu kunu
embarrado,llunchi
serpiente enorme,kuku amarun
quieto,kasilla
"habrá un consejo nacional de planeación integrado por representantes de las entidades territoriales y de los sectores económicos, sociales, ecológicos, comunitarios y culturales","atun llagtapi sugllapi tukuska runakunami tianga ministidukuna mañangapa sug atun llagtapa wawata uchullaiachiskamanda runakunawa, sug kulki iukagkunawa, mana kulki iukagkunawa, alpapi ima  alexand  n z  xx  tiaskata kawagkunawa, tukui kaugsagkunawa i runakunapa iuiai i kaugsaita mana wañuchispalla"
lleno,wansaska
ahorcar,sipii
acostumbrarse,iukarii
espiar,chapai
tocarse,llamkarii
serpiente,amarun
brindar mutuamente,upiachirii
contestar,ainii
estirarse,suniarii
volverse pesado,llasarii
artículos relativos a los principios fundamentales del estado,kulumbiamanda achka iachag pangakuna iapa ministiskata iuiachidiru
agrio,puchku
comadreja,chukuri
león americano,puma
machucarse,kapirii
guía,pusag
fregar,kakui
se encierra,wichkarii
hacer conocer,rigsichii
dormirse,puñurii
planta medicinal,puka ilichu
"colombia es un estado social de derecho, organizado en forma de república unitaria, descentralizada, con autonomía de sus entidades territoriales, democrática, participativa y pluralista, fundada en el respeto de la dignidad humana, en el trabajo y la solidaridad de las personas que la integran y en la prevalencia del interés general",nukanchipa atun llagta kulumbia tukuikunamanda sumaglla kaugsangapa
aislarse,almarii
cegar,tutaiachii
muy cansado,samba
corona,llaugtu
cortarse,kuchurii
collar,walka
cobijar,katachii
buscarse,maskarii
al final,impas
cicatrizar,aichaiachii
arco iris,kuichi
amarillo,killu
recaída,rikaida
iakuiachii,derretir
hacer caminar,purichii
encubar,ugllachii
adelante,ñugpa
hilar,puchkai
muy,pinu
colorado,ianuska
willarii,delatar
quebrarse,pakirii
de pronto,mana sintiglla
diskuintai,descontar
papas,papa
sufrimiento,pasai
padre,taita
sementera,chagra
dar golpes,takai
enredado,mulluiaska
vendible,katuri
chundur,chundur
tenderse,mandachirii
lleno,jundaska
cuanto(s),masa
pulga,piki
bejuco,achuchilla
digitalizado por sistema de bibliotecas-universidad de los andes,"achka iachag pangata, nukanchipa simipi ialichispa apaskata, mandu kuanakunchimi tukuikuna apispa, apispa apasunchi"
endeudarse,alkansarii
banco típico,banku
samai,descansar
allá (lejos),chaipi
comelón,galgu
curisito,kuitum
corajudo,muruchu sungu
cuándo,imauratak
criticón,unadur
índice,kawachidiru
curandero,iacha
solamente aquí,kaillapi
shishaja,paramu shishaja
golpear,takachii
preñada,chichu
afilar,filuiachii
tumor,chupu
intensamente completo,diltudu
borracho,machangichu
¡Vea!,kawamui
enfermo,dipurdundi
ismai,defecar
papayuela,chilakuan
sacar,llugsichii
¡Que...!,tilla
¡Que quemando!,Chui
encubar,ugllachii
wagllichii,desbaratar
conocer,rigsii
gargantilla,walka
cocinarse,ianurii
tacaño,minguadu
claridad,puncha
"se prohíben la esclavitud, la servidumbre y la trata de seres humanos en todas sus formas","ni pitapas mana allikanchu ianga, mana kulki kuaspalla trabajachinga u piñaspa trabajachispa charinakungapa"
dejar endurecer,sarasuiachii
Vámos,Rinchi
ají picante,aia uchu
gente,jinti
endurecerse,sinchiai
raspar,aspii
artículos relativos a la participación en la vida,nukanchi imasa agllangapa u agllai tukungapa kagta
cruzado,kingrai
bien tarde,chisima
empujar,tangai
cabecear,singui
terremoto,alpa chapurii
se disuelve,chuiaiai
convidar,kunbidai
cosecha,pallai
chunchullai,destripar
meter,satii
estar sembrado,tarpuraiai
izquierdo,lluki
cuarenta,chusku chunga
iskui,desgranar
canasta tejida,saparu
embellecer,sumaiachii
ukupi,dentro de
atontar,upaiachii
aprisionado,sipigta
niño barrigón,butijun
chacla,chaglla
ahorcar,sipii
tostar,kanchai
regañar,piñai
endeudarse,alkansarii
fermentarse,timburii
pieza grande,atun uku
domesticado,wamnaska
inmoral,mal juisiu
giboso,wasa trumpa
siete,kanchis
hacerse sahumar,mishachirii
entregar,kuai
parecer,rigchai
oscurecer,tutaiai
de estudio,iachaikudiru
depart digitalizado por sistema de bibliotecas-universidad de los andes,"kai iachag pangakunaka tukui kai atun llagtapi kaugsag, nukanchipura runakunami iukanchi, chitami sutichinchi, nukanchipa ""achka iachag panga"""
vivo,kaugsa
urmachii,derribar
volverse rebaladizo,lluchkaiai
frío,chirii
desquitarse,randichii
manchachii,asustar
amontonar,muntunai
cuatro centavos,kuartillu
médico tradicional,iacha
amontonar,muntunai
mojado,juku
frío lento,chiri wangu
a donde,maima
curí,kui
persona mareada,uma muiui
enfermarse,ungui apii
arrimar,kimii
manco,maki kuru
entregarse,kuarii
blanco,iura
agarrarse,ugllarii
samaikuriska,asustado
contento,kuntintu
endurar,tisuiai
primera vez,musuglla
siempre enfermo,ungu siki
hacer acercarse,llutachii
juntos,pariju
blanco,lanku
amarillarse,killuiai
enfermo,dipurdundi
pelado,tibkariska
menearse,kuiurii
doblar,patarii
papa natural,binia papa
nacer,tiagsamui
recogerse,aisarii
mujeriego,watajai
desnudar,llatanai
la constitución es norma de normas,achka iachag pangakunapa iuiaikunata sugllapi suiuchiskami ká
rechazar,wabutii
podrido,ismuska
casa,wasi
las lenguas y dialectos de los grupos étnicos son también oficiales en sus territorios,"nukanchipa sug rigcha kaugsai runakunapa rimai, iurakunapa rimaisinami kanga nukanchipa uchulla llagtapi"
curarse,ambirii
borracho,machaska
alegrarse,aligriarii
pesado,llasa
madurar,pukui
llevarse,wandurii
sembrar,tarpui
escribir,iskribii
arrodillar(se),kungurii
estudiar,istudiai
torcido,wistu
salpicarse,tibunsarii
setenta,kanchis chunga
trabajo comunitario,mingai
cubrirse,pakakurii
kuti,azadón
puerta,pungu
arder,rupai
lleno,pagta
admirar,ujnai
sahumar,mishachii
quemar (algo),rupachii
enojarse,piñarii
mojarse,jukui
torcer,kiwii
bañarse,armarii
sacudirse,chabsirii
cuándo,imauratak
vida,kaugsai
alisar,llambuiachii
el juez ante quien se interponga la acción de tutela tiene un plazo límite de diez (10) dias para resolver la reclamación,kaika pusag chunga sugta suiuchiipimi niraiá
unirse sexualmente,iumai
soplar,wairai
averiguar,tapurii
laguna,iaku kucha
elevarse,wabajarii
pelea,makanakui
patear,aitai
caber,pagtai
cazuela,kallana
Que susto,Ajai
forma triangular,kitara
juntar,llutai
cinco,pichka
alguacil,alwasil
trabajo común,simaniru
calumniarse,juchachirii
cortarse,lisiarii
cubrirse,katarii
doblar hilos,kaugpuchii
escapar,kispii
hundirse,asintarii
dos veces,paris
oriente,indi llugsikuska(nigmanda)
desgajarse,malkirii
cabalgar,changalarii
cortar (ramas),susuchii
arrancarse,pitirii
abultar,pungii
orinar,ispachii
empapado,sagsariska
quedar huérfano,wagchuiai
beso,muchai
nosotros,nukanchi
bajado,uchullaiaska
llorón,waka siki
ardilla,ardita
hacerse abrigarse,kunuchirii
romper,llikichii
bebé,wawa
completamente,diltudu
medio,aska
enfermo,ungug
peón,piun
estar cobijado,kataraiai
que conoce,rigsi
acostumbrarse,iukarii
hacer abarcar,kamachii
su esposa,warmindi
derrumbado,dirumbaska
libra mati,balanza
voltearse,builtiarii
brujear,dañui
seis,sugta
defenderse de,micharii
afianzarse,taunarii
hincharse,pungirii
cochino,mapa
chirilla,kuitinsa muiu
se duerme,puñurii
mermarse,asllaiai
extender,chutachii
envolver,maituchii
afuera,kanchapi
estimarse,kuiarii
con este ánimo y para darla a conocer a nuestras comunidades fueron escritos en inga algunos apartes de la constitución,"manara iurakuna nukanchipa alpama samugpimi, nukanchipas achka iachag pangakuna iukarkanchi i charami iukanchi, manara wañuska kapunchichu, kunauraka iukanchimi kaugsachispa apanga, chika kami, nukanchi imasa kaugsaskasina u iuiaskasina kaugsadiru"
pájaro azulejo,paramu pisku
yo,nuka
llatanai,destapar
cazar venado,tarukiai
hierba alta,ugsuku
achicarse,kuruiai
triturar,ñutuiachii
no,mana
querer,munai
se echa,tallirii
mamar,chuchui
Ayúdeme,Ianapawai
cogote,kuguti
batea típica,batia
planta 'chirilla',kuatinsa muiu
hacer esfuerzos,fuirsarii
oscuro,tutuku
alegar,piliarii
encubar,ugllachii
bien peinado,lipia lipia
ver,kawai
endeudado,dibi
enfermedad,ungui
esa hora,chiura
cuento chistoso,urdimal parlu
dormilón,puñu siki
torcido,kaugpuska
engañar,ñawi amsaiachii
está,tia
llatanai,desnudar
fiambre,kukawi
áspero,sarga
cantar,birsiai
orinarse,chichirii
orilla,kuchu
diez,chunga
cargar,markarii
fuerte,fuirti
planta medicinal,sandi
hacer meter,satichirii
wataska,atado
muerto,wañudu
acostumbrar,kustumbrai
enderezar,dirichai
hasta amanecer,pakarigta
vigilante,chapa
amoldarse,iacharii
estar colocado,churaraiai
demorar,unaiai
cerrar,wichkai
papagayo,uritu
seiscientos,sugta patsa
lleno,junda
cortar,pikai
tuerto,chingual
abrigado,kunu
"los indígenas que participaron en la constituyente nos representaron exponiendo nuestro pensamiento, el cual quedó parcialmente escrito en la constitución","nukanchipa achka iachag pangakunata waranga iskun patsa iskun chunga wata kaurami surkurkakuna, kanchis chunga runakuna intiru atun llagtamanda samuspa, sugkunaka sugrigcha iuiaiug, sugkunaka chillatata iuiaiwa tuparinakuspa, askurinti unai tiarispa chi achka iachag pangakunatami surkurkakuna"
llenar,jundachii
sobrecargarse,kipirii
sangre,iawar
ciruela silvestre,siruila
animas,difunto
cabello,agcha
maíz pelado,pataskaska
hervir,timbuchii
abrazarse mutuamente,ugllanakui
ciempiés,pasag chakiiug
alargado,susuka
uña,sillu
wachisha,washisha
kupal,aroma
libriai,desembarazarse
calentar (algo),rupaiachii
abuela,mama siñura
se embarrar,turuiai
crecer,wiñai
volverse espeso,sanguiai
oscurecer,amsaiachii
¡Pobre niñito!,Mushilajim
dolor,nanachiri
distanciado,karu karu
redondearse,muruiai
mal juisiuiachii,desacreditar
con miedo,dimanchai
hacer arañar,aspichii
medio curarse,askaiai
alegre,aligri
filoso,filu
aguardiente,puncha iaku
sentir placer,miskirii
enseñado,iachariska
enfermedad,ungui
cacho,bututu
desgajar,lluspichii
ají,uchu
lavarse,maillarii
kumuridu,avergonzado
hinchado,pungiska
botar,sitai
orinarse,isparii
chigtai,chiltar
la enseñanza estará a cargo de personas de reconocida idoneidad ética y pedagógica,atun llagtapi iachachidiru wasinigtami iachachigkuna iukankuna kangakuna
con sentido,iuiachi
esperar,suiai
fallecido,wañug
mucho,iapa
sin vergüenza,mana pinga
mutilado,suchu
leña consagrada,salbi iamta
mascado,mukuska
estar despierto,rigcharaiai
acostarle,sirichii
asii,diasii
untarse,awirii
beso,muchai
gatico,misitutum
medio desarrollado,maltu
sentir nauseas,millarii
Dios mío,Taitiku
para eso,chasapaka
remedón,asipaiangichu
descansar recostado,wasa dirichai
hacer,punchaiachii
orina,ispa
dejarse,sakirii
manta negra,anaku
cabalgarse,changalarii
endeudarse,dibirii
escuela,iachaikudiru wasi
lamer,llakuai
abierto,paska
huevo,rundu
yuca,rumu
árbol,sacha
estas lenguas están entre las más habladas de las sesenta y cinco lenguas diferentes que existen en colombia,"sugkunaka ñi nukanchi kikimpa rimaillatapas mana makiwa kalpachispa churangapa iachanchichu, chara kunaurami wawakunasina iachaikui kallarinakunchi, chasa rurangapa"
agregar,iapai
apretar,kapii
carnaval,karustulinda
lanzar polvo,juituchii
elevar,wabajai
willai,avisar
augurar,wajuarii
equivocadamente,panda panda
enflaquecerse,amchiai
kucha,charco (profundo)
perdonar,pirdunai
vacío,chusa
brotado,chawaiaska
trocar,kambiai
manta,pacha
afianzarse,tawinai
machete,kuchillu
convencer,krichii
volverse amargo,winjaiai
suceder,pasarii
hipo,jipui
echar humo,kusnichii
revivir,kaugsachii
a pedazos,piti piti
qué equivocados estaban quienes afirmaron alguna vez que la constitución sería un texto muerto,"tukui kai atun llagtapi kaugsag sungukunapi, askurinti iapa allimi iachirka"
tomar,charirii
sacudir,kuiuchii
enterrar,pambai
pelar,tibkai
pan,tanda
ichai,derramar
kicha,diarrea
ardiencia,raura
hacia abajo,urai
incrustado,satiska
no,manima
enredado,wangu
puesto collar,walkaska
visto,kawaska
emborrachar,machachii
acarrear,astai
colaborar mutuamente,ramarii
sordo,upa rinri
nieto,ñitu
llevar,markai
esconder,pakai
lloviznar,shabimarii
sonriente,asiri
seguir,katiraiai
frágil,pakiringalla
abrazado,ugllaska
endurar,tisuiai
pájaro,mindiliku
los particulares sólo son responsables ante las autoridades por infringir la constitución y las leyes,"mana kaimanda kaskakuna achka iachag pangakuna i achka iachag pangapa wawapagmami iukankuna ringa iuiai i ainingapa, mana achka iachag pangakuna niskata uiagmanda"
braza,nina
lavar,maillai
dinero,kulki
tonto,upa
mentira,llullai
ponerse corona,llaugturii
"sin embargo quedaron todas las otras por fuera de este esfuerzo, algunas con muchos hablantes también","chasa rurangapaka, iacha panganigtami maskaspa nukanchipa simima ialichingapa chaiarka u suraka, sug alpanigmanda iacha runakuna, paikunapa iuiawa imami munarkakuna ninga, chi iuiaikunata apispami iacharkanchi nukanchipa simima ialichinga"
enredado,washjuriska
acostumbrarse,iacharii
hacer vomitar,kibnachii
la mujer y el hombre tienen iguales derechos y oportunidades,"warmi, kari chasallatami suma iuiaspa i suglla tukuspa iukanchi kaugsanga"
abintai,aventar
aparecer agradable,miskii
aquí,kaipi
viento,uprinda waira
quitarse,anchurii
hacer grande,atuniachii
"algunos de los derechos son considerados fundamentales como el derecho a la vida, la libertad personal, el buen nombre y otros mencionados en los artículos del 11 al 41 de la constitución nacional","pusag chunga sugta, pusag chunga kanchis, pusag chunga pusag hordator (86,87,88) achka iachag kulumbiamanda pangakuna willami maikankuna nukanchi mañadiru i kawadiru kagta, imasa niraiaskasinami munai mana munai iukankuna kuangakuna"
lana,milma
dejar fermentar,timbuchii
vez,biaji
así,chasa
salir,llugsii
esposa,warmi
amortiguación,shabujui
salir,llugsirii
estar enfermo,ungui
afeitarse,pilarii
echar,tallii
cualquier,maikan
unaiai,demorar
quien,pi
despacio,Allimanda
mezclado,chapuriska
brillar,punchaiai
resbalarse,lluspirii
pasarse,ialirii
abrirse,paskarii
¡Pobre niñito!,Shushunajim
ramai,auxiliar
doloroso,nana
agacharse,pagcharii
poco fermentado,puchkuriska
olla pequeña,kindi manga
no habrá pena de muerte,nukanchipa kaugsaitaka runakuna mana pudinkunachu anchuchingapa
defenderse,kichuchirii
mermarse,pisirii
¡Que hubiera!,Amalai
donar,karai
comadreja,mapa ñawi
cual,mai
lo mismo,kaskalla
encorvado,wasa punta
dos,iskai
sentir calor,ruparii
lluvia,tamia
acción de tutela: esta acción la regula el artículo 86 de la constitución nacional,nukanchi imasa rimagridiru kaskakunata kaugasunchi: 1
quitar,anchuchii
abeja,ushini
cocoyo,nina kuru
acostumbrado,iachariska
idioma,simi rimai
cacique,iaia
hierba común,manga paki
noche,tuta
disolverse,chuiaiai
cajón,wabli
comenzar,kallarii
cortico,muchilingu
espantajo,manchangasina
enfermo,dipurdundi
encorvado,kumuriska
sostener,sinchiachii
bejuco,jujui
(MP),paki
acomodar,allichii
débil,dipurdundi
propio,kikin
yajé,ambi waska
amasar,masachii
agarrarse,waiungarii
a oscuras,amsamsa
mutilado,puchu
abrazarse,ugllarii
caerse,urmarii
cangrejo,kangariju
"el trabajo no podía ser un simple ejercicio individual de una persona que, manejando dos lenguas, se sienta en su escritorio y acomete, sola, la traducción","chi birsiai, iuiai, kausai, chikunata uiaspami nirkanchi, kaikunaka chitukumi iachakuna kaska"
agüero,tapia
ayer,kaina
privar,sasichii
convincente,krichig
ruido,uiari
ojo,ñawi
discutir mútuamente,ainichirii
medio día,chaugpuncha
hermosito,shuma
perro mutilado,puchu alku
oreja,rinri
ratoncito pequeño,shiguina ukucha
mostrar,kawachii
hacer montones,juibutuchii
ano,siki
Tatai,Atsatsai
protegerse,pakakurii
alcanzarse,alkansarii
agua turbia,turu iaku
gritar,kaparii
estar cargado,markaraiai
endurecerse,sinchiai
soleado,indiri
artículos relativos a los derechos de las lenguas y las culturas de los pueblos de colombia,"nukanchipa simikunamanda, imasa runakunamanda niraiaskasina"
con rabia,winjadu
juez,justisia
tú,kam
enojarse mutuamente,piñachirii
perdido,chingaska
casarse,maki kapinakui
salpicar,tibunsachii
despedirse,dispidirii
desgajado,malkichiska
la cámara de representantes se elegirá en circunscripciones territoriales y circunscripciones especiales,"awanigmanda kawadurkunata katiraiagkunata maskaringami, wawa llagtakunapi, imaura iurakuna  willaura"
maíz cocido,muti
fríjol 'poroto',purutu
setecientos,kanchis patsa
planta 'sindayo',pululu sacha
anémico,killu
ensimplecerse,samsamiai
bararse,bararii
pulgar,mama didu
amarrarse,watarii
cuatro,chusku
¿Está bien?,Puangi
para hacer efectiva la protección de estos derechos existen unos mecanismos que podemos utilizar las personas directamente o por medio de un abogado,"tukui runakumanda, kaugsai, iapa ministidumi ká"
acrecentar,pungii
curisito,kuitum
mentiroso,pipanu
estar despreciado,unai tukui
caer hielo,ilui
despedazarse,pitichirii
hacer que,takichii
butjii,descomponer
digitalizado por sistema de bibliotecas-universidad de los andes,"kamkikinkunapagmandakunami rurarkakuna antiwama iachaikunatami iachaikurkanchi, chikunawa tukuikuna waugkikunasina kaugsangapa"
topar,tupai
"las acciones populares sirven para proteger derechos e intereses colectivos relacionados con los bienes de uso público, el espacio, el ambiente, la seguridad y la salubridad públicas y otros que contemplan nuestra constitución y la ley","sapalla u tukuikuna iuiaipi u kaugsaipi nanachigpi u manchachii apagpi mana ñi pipas michangapa tiagpi, maikan iura mana suma kaskata allilla iuiachi durpagmami iukanchi ringa, mana allilla kagmanda jirukunata allichipuai ruwangapa"
llenarse,jundarii
debilitarse,sambaiai
liso,kalpari
figura,rigcha
unir,llutachii
aliento,samai
voltear,builtiachii
endurecerse,tisuiai
indi tigraska,intigraska
renegar,kamirii
falta,pisi
caña,wiru
con nudos,angudu
enredar,miskuinaiachii
detener,chisiachii
oxidado,wakariska
caliente,rupa
quitarse,anchui
curación,ambii
conseguir leña,iamtai
formar raíces,angiachii
cocinar bien,apiai
chaglla,chacla
ambi waska,indi waska
despertarse,rigcharii
invertir,pagchai
ponerse fuerte,sinchiai
cortado,tarkiadu
plaza,kalli
las limitaciones en cuanto al dinero y en cuanto a lingüistas indígenas disponibles nos impidieron cubrir otras lenguas por esta vez,"kaikunata nukanchipa simima ialichingapa sug iacha sug iachatami chaiarka tapuchispa, tapuchispa apachingapa"
kushkila,axila
callarse,upallarii
caña,wiru
palo,kaspi
carta del señor presidente de la república de colombia,paipa makiwa kalpachispa kuaskata rigsisunchi
soltar,kacharii
estornudar,jachichii
¿cómo amaneció?,Pakaripuangi
partirse,chigtaiai
besar,muchai
chalina,baita
nube,puiu
miserable,micha
tejer flecos,murui
aliviar,chaskichii
tucán,pikudu
ni,ñi
algo,tinlla
atarichi,balso
tifo,atun ungui
rebalsarse,shamaiai
achiote,mandur
aplicado,awiska
convenir,animarii
quebrada,Tinui
aguantar,awantai
terminación,puchukai
criado moho,mujusiaska
canilla,chiuka
sorprender,shachii
hacerse picar,aiachirii
alargado,susuka
hacer charco,kuchaiachii
dar,aisai
692 cúcuta gobernador del cabildo inga de santiago,"chi nukanchipa simipi ialichigka, ajaimi nukanchipa simita suma iachá"
espeso,sangu
desmayo,ansias
preparar masatu,masatui
escorbuto,bichu
ave,pisku
"son fines esenciales del estado: servir a la comunidad, promover la prosperidad general y garantizar la efectividad de los principios, derechos y deberes consagrados en la constitución; facilitar la participación de todos en las decisiones que los afectan y en la vida económica, política, administrativa y cultural de la nación; defender la independencia nacional, mantener la integridad territorial y asegurar la convivencia pacífica y la vigencia de un orden justo",tukuikunata maki mañachingapami atun llagtapa iuiaika ká
enredado,washju
los padres de familia tendrán derecho de escoger el tipo de educación para sus hijos menores,askurinti alli umami iukankuna kangakuna
dan el estado promoverá las condiciones para que la igualdad sea real y efectiva y adoptará medidas en favor de grupos discriminados o marginados,"kari warmi parijumi iual  oxo  xx1888 nai  kanchi, mas sug rigcha kaugsakuna imapas, u sug simi u sug iuiai iukagkuna imapas u sug iuiaiug imapas"
justisia,autoridad
encima,awama
pesar,llasai
ganado,wagra
contribuir,ramai
jadear,pujai
"las relaciones exteriores del estado se fundamentan en la soberanía nacional, en el respeto a la autodeterminación de los pueblos y en el reconocimiento de los principios del derecho internacional aceptados por colombia","nukanchipa atun llagta, sug atun llagtakunawa rimangapami iuiá, nukanchi imasa munaskasina iuiangapa i nukanchipa atun taitakuna ailastimaskasina"
afianzarse,taunai
hacerse braza,ninaiai
abuelo,taita siñur
domingo,warda puncha
estar estirado,chutaraiai
tropezarse,takarii
agachar,pagchai
cacique,iaia
ahumar,chakichii
¡Que asco!,Tatai
encender,sindii
único,chunlla
endurecerse,tisuiai
pellizcarse,tibsirii
acercarse,kaillaiai
ceniza,uchpa
planta sancie,sansi
agujerear,utkuchii
Que quemando,Achuchui
defecarse,ismarii
acariciar,llambuchii
ahora,ña
beber,upiai
rico,iukari
embobar,upaiachii
desplomarse,riririi
secar,tustai
amortajar,murtajai
cuello,kunga
aplanar,pambaiachii
duro,sinchi
ririi,deladearse
falda,miglla
¿Está bien?,¿Allillachu kapuangi?
"no solamente tuvimos, con la ayuda de los abogados, que aclarar, explicar y comentar el texto de la constitución sino que, para acercar este pensamiento a culturas que no han conocido sino hasta hace muy poco la escritura alfabética o una organización social en ciudades, tuvimos que averiguar el nacimiento en el mundo occidental de muchas de estas palabras e ideas jurídicas: averiguar con filólogos, estudiar con filósofos, comparar con antropólogos, qué significado originario tienen palabras como ""derecho, ley, estado, autoridad, ciudadanía, democracia, etc","sug iaika iurakunapa simimanda nukanchipa simima ialchiura sug rigchami iacha niraianga, nispami askurinti iacha i askurinti rigsigkunata sug rigcha rimaikunapa simima ialichingapa kuarkani, sugkunaka ka universidad de los andes sutipi iachaikui puchukaskakunami kankuna"
gotear sangre,iawar sutuchii
convincente,krichig
rebalsar,awaiarii
fajar,chumbillichii
bolsa,jigra
llatanarii,desvestirse
corona,llaugtu
mitad,chaugpi
morir,wañui
ahora,ña
feo,jiru
mulluiaska,desigualado
cuatro,chusku
mano,maki
empujar,tangai
esquina,kuchu
los municipios participarán en los ingresos corrientes de la nación,"wawa llagtata katiraiagkunapasmi kulki chaskingakuna, runakuna kaugsadiru atun llagtata"
estar ausente,illai
walka,chaquira
perder,chingachii
casamiento,kasarai
frotarse,kakurii
ciudad,atun puiblu
caer,urmai
curí,shan ita
palabra,rimai
envejecido,atuniaska
"las entidades territoriales elaborarán y adoptarán de manera concertada entre ellas y el gobierno nacional, planes de desarrollo, con el objeto de asegurar el uso eficiente de sus recursos y el desempeño adecuado de las funciones que les hayan sido asignadas por la constitución y la ley",tiq sqaidoine imamlansleidoilsi
vomitar,kimnai
vagarse,chungarii
chismear,chiltiai
awaiarii,descobijarse
hacer abotonar,butunachii
participar,bidarii
dislocado,kiwidu
hacerse tonto,tuntiadu tukui
"para los efectos  de esta participación, la ley determinará los resguardos indígenas que serán considerados como municipios","chi kulkikunata chaskingapa, achka iachag pangakunapa wawami ninga, iurakuna, wiñachiska, nukanchi unai charinakuska alpakunapasmi kangapa ká wawa llagtata katiraiagkuna"
tener,charii
brazo,razu
libra mati,balanza
tener enemistad,kuntrai
pensamiento,iuiai
hacer cansar,sambaiachii
tocar,llamkai
peinarse,llamburii
padrastro,taita ninga
callar,upallachii
flecha,plicha
alancarse,alankarii
obligar,ubligachii
muy duro,muruchu
antes,ñug
"solo se hizo la traducción en siete lenguas : el wayúnaiki de la guajira, el nasa yuwe o páez del cauca, el guambiano del cauca, el ika o arhuaco de la sierra nevada de santa marta, el camentsa y el inga de sibundoy, el cubeo del vaupés","iurakunapa rimaika nukanchipa simima mana ialichidur karkakunachu, kunaura musugllami chasa ruranakunchi"
arkari,atrancado
ahorrar,mirachii
"por eso, este texto no se conformó con convertir una palabra hispánica en otra indígena, sino que fue más allá en su esfuerzo; agregó a las normas constitucionales, la sabia filosofía de estos pueblos, enriqueciendo el sentido de los principios constitucionales",ña kai achka iachag pangata kanchis sugrigcha rimaikunapi surkuspa kuangapa
bambú,pukunga
estar acostado,sirikui
acobardarse,sambaiai
querido,munaska
medio fracturar,kindiai
unirse,pigarii
filuda,kuchug
chigtaska,chiltado
pajaro guacamayo,wakamaiu
clase,kasta
doler,nanai
llamar,kaiai
lengua Kamtsa,kuchi rimai
"toda persona o comunidad que se vea amenazada por un mal que no tenga reparación o que no disponga de otro medio de defensa, puede pedir a cualquier juez que le protejan de la amenaza o violación de sus derechos fundamentales",nukanchipata kutichingapa mañadiru
estar amañado,iacharaiai
cerca de,kailla
fríjol poroto,purutu
agarrarse,apirii
quebrado,pakiska
quedar callado,disimularii
almohada,sawina
cincuenta,pichka chunga
chistosa,urdimal
acostumbrarse,iacharii
camino,ñambi
¡Hasta mañana!,Pakarinkama
corazón,sungu
cuánto(s),masatak
abotonar,butunai
empacado,wagllaska
"esta parte sirve también a los maestros y estudiosos indígenas de las comunidades que quieran ver cómo se hizo la traducción, con ánimo de mejorarla y de entrar más profundamente en el funcionamiento de su lengua",kada iskai killami bogotapi iacharkanchi tupanakunga
enfermarse,ngurii
guardar,kinchullii
tiesto,kallana
amanecer,pakarii
agrio,puchku
wawa,chiquito
engrandecerse,atun tukui
dar,karai
cubierto,ugllariska
niñero,wamniru
aumentar,iapachii
ponerle collar,walkachii
pasar,ialichimui
color,rigcha
espantar,manchachii
quitarse,anchuchirii
"los distritos y los municipios percibirán como mínimo, durante la vigencia fiscal de 1992, las participaciones en el impuesto al valor agregado, iva, establecidas en la ley 12 de 1986","wawa llagtata katiraiagkuna mas achka kulkinmi chaskingapa kankuna atun llagtata wata watapi, patsapi chunga chusku iapachingapa, kai waranga iskun patsa iskun chunga kimsa watapi, patsapi, iskai chunga iskai, maillallapas iapachi chaiankama, iskai waranga iskai watakama"
moteado,sarasa
ahogarse,iakupi chingarii
fallecer,puchukarii
munai,desear
Hasta mañana,Kaiakama
bordón,tawina
cambiarse,kambiarii
abierto,paskaska
maravillarse,tuntiarii
la ley podrá darle el carácter de entidades territoriales a las regiones y provincias que se constituyan en los términos de la constitución y de la ley,"atun llagtapa katilla alpakuna i puntu wawa llagtapa tuot alpakunapasmi atun llagtapa wawa alpakuna kanga, imasa achka iachag pangakunapi achka iachag pangakunapa wawapi willaraigsamu chasami llugsinga"
pene,ullu
guapo,wapu
desacreditar,mal juisiuiachii
potrero,chaparu
trocar,kambalachii
contribución,rama
¡Buenos días!,Allisiapuangi
moscardón,katsu
rondador,rundadur
adónde,maimatak
falda,miglla
hacerse choclo,chuglluiai
necesitado,nimistidu
retorcido,kaugchuri
boxearse,puñutiarii
brujear,dañui
pavo,chumbu
tener enemistad,kuntrai
curí,shanita
medio fracturado,kindiaska
sabor,mikuri
vista panorámica,kawari
agua,iaku
uchuva,ubillas
sudar,jumbii
papa natural,bulkan papa
adornar,tugtuchii
hermano,turi
carbón encendido,nina kilimsa
aliviar,askaiachii
curar,aliachii
uchullaiaska,bajado
cuerno,kachu
curación,ambii
candela,nina
dondequiera,maipipas
hacer ampollas,ampullai
¡Perdone!,Pasinsia
planta medicinal,chundur
sin embargo,mana kagpipas
arder,raurai
bajo,urapi
apegar,llutai
acordarse,iuiarii
abotonar,butunai
alguna cosa,ima
pesadilla,muspai
enredarse demasiado,batsikarii
ortigarse,chinirii
cercar,kinchai
alto,ataridu
casi,ñalla
se dobla,kaugpurii
"serán protegidos contra toda forma de abandono, violencia física o moral, secuestro, venta, abuso sexual, explotación laboral o económica y trabajos riesgosos","imasa sitaska kaskakunapas, kawaimi tukungakuna"
"como gobernadores nos permitimos recomendar a nuestros maestros bilingües la adopción de la traducción de la nueva constitución como texto obligatorio de estudio en nuestras comunidades y además los centros experimentales pilotos serán los encargados de capacitar a los maestros bilingües, para el uso y manejo adecuado del texto en coordinación con el traductor de la constitución","chasa kagmandami tukuikuna munanchi i nukanchikikin nukanchipa simipi ialichiskataka, tukuikunami iukanchi apispa, apispa ringa"
estiércol,isma
andar vagando,bandiriarii
rabiar,rabiai
cubrirse,kilparii
honda,waraka
embarazada,wigsawa ungug
rejuntarse,mirarii
tuerto,chubiku
colgarse,warkurii
endurecerse,sarasuiai
encender,sindii
curarse,alliarii
dejar calentar,kunuiachii
choclo frito,chugllu pritai
mermar,asllaiachii
jon landaburu (cnrs) director del centro colombiano de estudios de lenguas aborígenes (ccela),"ikuti sumaglla tukuspa chi rimaita u rimaikunata, imasa nukanchipa rimaipi allilla kangasina ialichispa churaspa apanga, allilla nukanchipa simipisina uiaringapa"
abortarse,sullurii
cinco,pichka
locro,lugru
pisar lento,sarurii
no madurado,mana pukuska
cocina,uchulla uku
brujo,samai pagta
riesgo,risku
cualquiera,pipas
cuesta,saia
abeja negra,iana abijun
hacer castigar,asutichii
aliviar,askaiachii
obligarse,ubligarii
kungurii,arrodillar(se)
volverse bosque,sachukuiai
hacer,kakuchichii
restos,kuku puchu
criticón,unadur
pedregoso,rumisu
se embellece,sumaiai
eco,urku
arder(se),raurarii
defender,michai
contentar,kuntintachii
junco,bunju
su,kamba
tangachii,atizar
roto,lliki
muela superior,mama kiru
perforarse,utkurii
"agradecimiento profundo a mi familia, quienes siempre me apoyaron, sacrificando sus vacaciones y fines de semana sin contar con mi presencia, con el fin de que yo pueda dedicarme de lleno a mi trabajo",nukanchipagmanda taita ubirnadurkunatami pai siñursitu iukani ninga
comer,kastui
disolver,chuiaiachii
seguir,katii
por ahí,maita
abuelo,achala
nuevo,musu
sin vergüenza,mana pinga
florear,tibutui
"de manera general, deseo manifestar mi gratitud a todas las personas que de una u otra manera participaron en la ejecución de mi proyecto, ya sea en la grabación de los cassetes como en el diseño de la carátula y dibujos para la publicación del texto, todo lo cual redundará en beneficio de las generaciones presentes y futuras, tanto en el campo intelectual como cultural de las comunidades marginadas del país","chasallata puiblipi pasadukunata katiraigkunatapasmi pai siñursitu iukaikichita ninga, ikuti sura diusmanda aidawangichi"
desmenuzarse,ñuturii
embarazada,wigsawa ungug
"el estado promoverá la investigación, la ciencia, el desarrollo y la difusión de los valores culturales de la nación","atun llagtaka iukami maskanga sugkuna imasa kaugsanakugta rigsiikuna, imasa mas nukanchi iacha kangapa, chimi mas suma wiñachispa apasunchi, nispa pudinchimi sugkunata kawachinga, nukanchi imasa kaugsai iuiai iukagta"
repugnante,millai
para qué,imapatak
crecer,susukaiai
chugllu,choclo
cama,puñudiru
peón,pigun
dañarse,wagllirii
descontar,diskuintai
cuanto(s),machka
nadar,waitai
evaporarse,puiuiarii
todavía no,manara
buey,wagra
gato,mishingu
comadreja,chukuri
yerbita aromática,ardita asnanga
salpicar,tibunsai
hoy,kaiura
acompañar,kumpañai
pudrirse,ismurii
amortiguarse,shabujurii
"cuando la violación de estos derechos causen daños a una comunidad o a un grupo de personas, cualquier persona puede reclamar ante los jueces en nombre de todas, la reparación del daño","pai tukuikunatami iuka sumaglla aiudaspa kawanga, nukanchipa atunkunasina, tukui nukanchimanda suma chaiaskakunata"
el que...,wisidur
volverse amargo,winjaiai
apretado,sipi
"cuando, a fines de 1991, los consejeros del presidente de la república llamaron al centro colombiano de estudios de lenguas aborígenes de la universidad de los andes para preguntar si podíamos traducir la nueva constitución a varias lenguas indígenas del país, contestamos que sí, con un poco de miedo y con mucho entusiasmo a la vez","ña waranga iskun patsa iskun chunga (1991) wata puchukaura kai alpapi tukuikunata kawag iura runa, paita iuiachigkuna centro colombiano de estudios de lenguas aborígenes de la universidad de los andes sutitasi achka iachag pangata sug rimaikunama ialichingapa pundingichu tapuchingapa kaiawarka"
ennegrecido,julin
abrigarse,kunui
enfermo,ungug
empujarse,tangarii
falta,pisi
maíz,sara
volverse anémico,killuiai
caracol,churu
demasiado,pasagta
llorar,wakai
alrededor,kuchu kuchu
desde antes,kipamandata
"la consagración de los derechos constitucionales indígenas, es el resultado de las continuas luchas de nuestros líderes a lo largo de muchos años, en las que se sacrificaron muchas vidas","nugpamanda achka iachag pangakunaka sug runallasi rurarka, nispasi manima ñimapasi niraiarka nukanchimanda, nukanchi kai atun llagtapi manima kaugsagsina u piskukunasina sacha awanigta kaugsagsina"
tener enemistad,kuntrai
hacer brincar,chungai
nalgas,siki
mujeriego (apreciativo),alkuag
crudo,chawa
idioma inga,inga
enredar,wanguchii
melenudo,agchasapa
mal olor,jiru asna
arus,arroz
fregarse,kakurii
hacer amanecer,pakarichii
pepa,muiu
mujer casada,kusaiug
adivinar,malisiai
caer hielo,ilui
abrazarse,ugllarii
mermar,pisiai
espalda,wasa
despedazar,pitichii
pellizcar,tibsii
noventa,iskun chunga
donde,maipitak
kiru,diente
con pena,dillakii
kingu,curva
dislocarse,kiwirii
mujeriego,warmisapa
zumbarse,sitarii
cuanto(s),masa
cierto,sutipa
cierto,sutipa
hierba,ugsa
abarcar,ugllachii
atractivo,munachi
maravillarse,tuta munu
pájaro nocturno,tuta pisku
hacer abrir,paskachii
extremo,kuchu
lesionarse,lisiarii
hacia acá,kasama
se endereza,diricharii
acostar,sirichii
arriba,awapi
fajarse,chumbillirii
darse,kararii
noche oscura,iana tuta
billete,billiti
hueco,pusu
aborrecerse,amii
"la erradicación del analfabetismo y la educación de personas con limitaciones físicas o mentales, o con capacidades excepcionales, son obligaciones especiales del estado","atun llagtapa iachachii wasinigta mana munaskataka ñi pipas mana pudinchu sug iuiakunapa iuiaita iachachinga, nukanchipa iaiakunapa iuiaita kichuspa"
cargado,aparidu
hacerse consciente,abisparii
colibrí,kindi
permitir,lisinsiai
casi,ñalla
"a los lectores; los gobernadores de los cabildos abajo firmantes somos conscientes de la importancia de la traducción de algunos apartes de la nueva constitución nacional de colombia, realizada por el profesor francisco tandioy jansasoy de la universidad de nariño y miembro activo de nuestra comunidad","kai uraladu kalpachispa makiwa kawachispa churagkuna, ubirnadur sutikuna, iachanchimi askurinti ministidu kagta"
brazo,razu
atascar,chukachii
anteayer,sug punchata
colocar,asintai
astuto,mishu
pitii,desunir
gallina,kancha pisku
inteligente,alli tutañu
abuela,atun mama
awapi,arriba
ciempiés,santu pisu
enceguecerse,ñawi amsaiai
acomodado,allichiska
negro,iana
hacer fallar,pandachii
muy,ajai intens
dragón,amarun
zanja,chamba
obligar,ubligai
rápidamente,wairalla
medio madurarse,jichuiai
secarse,tustarii
quejarse,uchnai
ciudad,atun puiblu
doblar hilos,kaugpui
estera,puñudiru
¡Con permiso!,Lisinsia
estar amarrado,simbaraiai
hacerse,allichirii
alegrar(a alguien),aligriachii
volverse liviano,balsaiai
enfriarse,chiriarii
desnudarse,llatanarii
cómo,imasatak
raíz,angu
árbol sindayo,tsajaku
excremento,kaka
pepa fragante,kukindus
peine,ñagcha
endurecerse,muruchuiai
"santafé de bogotá, septiembre de 1993",", septiembre de 1993"
ponerse collar,walkarii
regar,ichachii
renovar,musuiachii
criado moho,mujusiaska
atrasarse,katiai
chupar caña,wirurii
bien presentado,parisidu
cicatrizar,aichaiachii
abierto,paska
blando,apia
azotar,asutii
seguir,katichii
la circunscripción especial para la elección de senadores por las comunidades indígenas se regirá por el sistema de cuociente electoral,"iurakuna sakingapami kankuna, nukanchipa iskai mas atun awanigmanda kawagkunata, maikan mas achka maitu mirachiskata"
el último,katimanda
uchullaiai,disminuido
pegajoso,llaugsa
palo corto,umutu kaspi
desaguar,tusta piai
arbolito,kuilla
alcanzarse,pagtarii
para ser elegido representante se requiere ser ciudadano en ejercicio y tener más de veinticinco años de edad en la fecha de la elección,"kai llagtapi awanigmanda kawadurta katiraig tiarigringapa, pai iukami nukanchipa llagtamanda i mana mana  nukanchipa taitakunapagnigta u iurakunapagnigta iuiachispa purichiska kanga"
en vano,dibaldi
muerte,wañui
tristeza,llakii
acariciar,llambuchii
llaugsa,baboso
alegrar,kusikuchii
estar estirado,chutaraiai
pala,pala
pestaña,ñawi milma
mujer vieja,awila
torcerse,kaugchurii
ladrar,kaninaiai
levantarse,atarii
adelante,ñugpa
acomodar,allichii
cazar chuntaruku,chuntarukiai
viento,waira
arbolito cidrón,idrun
indispuesto,jiru iachi
seco,tusta
boca,simi
pasado,ialigta
agua,iaku
los derechos de los niños prevalecen sobre los derechos de los demás,"atunkuna, kaipi runapura kaugsagkuna i atun llagta iukankunami sugmalla kawaspa, ima ministiska randipuspa, wawakunata sumaglla atarichingakuna, chasa ruragpika sumami wiñangakuna u mana kagpika panagtami wiñangakuna"
ser bueno,alli kai
rara vez,dipanda
bañarse,armai
amarrarse,simbarii
alto,awa
apartar,anchuchii
curí,kui
cubrirse,katai
encendido,sindiska
abrazar,ugllai
chiltiai,chismear
imagen ilusión,ianga runa
pereza,killai
volverse espeso,sanguiai
hoyo,utku
contentarse,kuntintarii
quinientos,pichka patsa
se eleva,awaiai
puncha,día
enroscado,tasin tasin
perdonarse,pirdunarii
empalidecerse,irkiai
cerdo,kuchi
hierba pequeña,kuiangilla
¡Que frío!,Chai
cincuenta,pichka chunga
embarrarse,llunchirii
canalete,walmu
hacer extraer,surkuchii
iaku ñawi,arroyo
triturado,pakichiska
saltar,saltai
cortar,kuchui
enseñar,iachachii
baita,chalina
risa,diasii
cabello,agcha
aflojarse,plujiarii
gato,michi
centro,chaugpi
coser,sirai
por donde,maitatak
uno solo,suglla
nadie,ñi pipas
derribar,urmachii
¡Buenas noches!,Tutaiapuangi
hacer ceremonias,takichii
hilar,jilai
dar brincos,tingirii
luego,kipa
matar,wañuchii
bien,allilla
alegrarse,aligriai
germinar,juraiai
artículo relativo a la justicia en los pueblos indígenas,nukanchipa taitakuna imasa
esconder,pakallaiachii
acariciar,kuiai
"el patrimonio arqueológico y otros bienes culturales que conforman la identidad nacional, pertenecen a la nación y son inalienables, inembargables e imprescriptibles",ñupagmanda runakuna ruraspa sakiskata i sug imakuna tiaska mama llagtapami ká
"la soberanía reside exclusivamente en el pueblo, del cual emana el poder público","nukanchi imasa munaskasinami iuianchi kaugsanga kai alpapi tukui kaugsagkuna, nispami tukui nukanchita iuiachigkunata ialichinchi"
persona gordísima,wiraiug
enterrarse,pambarii
fiebre,rupai
ahorcarse,sipirii
bebé,wawa
sapo grande,wambui
"finalmente, dedico este texto a mi madre, a mi esposa, a mis hijos y a mi comunidad",digitalizado por sistema de bibliotecas-universidad de los andes
ciempiés,waranga
acabarse,puchukarii
encubar,kamachii
pitii,arrancar
comino,mangas
muy perezoso,killaiug
oscuro,amsa
cocinarse,ianurii
""", entre las tribus indo-europeas de la antigüedad, entre griegos y latinos y también entre pueblos de otras tradiciones que se inventaron esta clase de nociones y palabras cuando el uso de la escritura y el acercamiento al mundo de las ciudades los impulsó a formalizar y desarrollar sus instituciones políticas, religiosas, económicas y penales","iachachigkuna, ambigkuna, mukanchimanda rimagkuna i tukui iurakuna imasa kaugsaska, iuiaskata rigsigkuna"
por equivocación,panda
hacerse,sikachirii
colgarse,warkurii
endurecerse,angiai
chismoso,chankual
aguantado,awantadu
reverdecerse,pangaiai
coger,aisai
caer gotas,suturii
cosecha,pallai
estrangularse,sipirii
bastante comilón,sambungiru
boca abajo,pagchaska
sirviente,lutrin
buscar,maskai
cambiar,trukai
cobarde,chucha
chunchullai,descuartizar
agua barrosa,turu iaku
allí,chipi
urdido,awilliska
pálido,irki ñawi
endurecerse,muruchuiai
acudir a,tandarii
filo,pata
artículos relativos a los derechos de las personas,nukanchi ima mañangapa ministiska
armadillo,matiwaja
balsa,balsa
con qué,imawantak
muñeca,jabaka
pisiai,disminuirse
cuidar,charii
sacar,wisii
"resumen de los artículos 86, 87, 88 redactado por los abogados asesores de la traducción",c
"agradezco a todas las autoridades indígenas, líderes y maestros bilingues quienes, en una u otra forma contribuyeron para que esta obra salga adelante","nukata chasa kuawauraka, doctor jon landaburu ñi imapas mana niwaspallami, nukata ima ministiwaska kuawarka"
hasta amanecer,pakarigta
mecer,wagtachii
leña,iamta
besarse,mucharii
otro,sugka
hacer riegos,wasi chiriachii
de lejos,pisiglla
pepa negra,iana muiu
arar,rastrujiai
gorgojo,burbuju
hacer empollar,ugllachii
torcer,wingiachii
cuatrocientos,chusku patsa
la cultura en sus diversas manifestaciones es fundamento de la nacionalidad,"kai atun llagtapi achka sug rigcha iuiai i sug rigcha kaugsaiùg runakunami tiankuna, chikunapas mama llagtapa ká"
ensartar,ilpui
hacer aclarar,punchaiachii
apaciguar,chaskichii
volverse agrio,puchkui
tripas,chunchullu
retorcido,mullu
colaborar mutuamente,ramarii
munachi,atractivo
inhalar,misharii
hacer acobardarse,sambaiachii
callarse,upallai
hacer brillar,punchaiachii
comida especial,buda
atento,uia
derribar,mandachii
claro,punchalla
tenderse,mandarii
ladrón,aisangiru
¡Basta!,Chilla
¿Qué?,ima
cubierto,ugllariska
chonta,chunta
tender,mandai
cortico,muchilingu
espantar,ushtachii
aislarse,laduiai
se dobla,pataririi
carnaval,kalusturinda
cobijar,katachii
chismoso,mana awantadu
barrer,pichai
se encorva,kumurii
urapi,bajo
caer (derrumbe),lluspii
kaina,ayer
ennegrecerse,ianaiai
cuaderno,iachaikudiru panga
hacer ampollas,impullai
palito,tarpunga (kaspi)
alto,awa
rajar,chigtai
"así todo, son más de cuarenta artículos",mana sugsinama kinguchispallami achka iachag pangataka nukanchipa simima ialichirkanchi
comino,mangas
capar,kapai
trueque,kambalachi
sug rigcha,diferente
excremento,isma
olvidadizo,ardita uma
oír,uiai
embarrarse,turuiai
machucado,kapiska
feo,jiru
lengua,kallu
los ciudadanos colombianos que se encuentren o residan en el exterior podrán sufragar en las elecciones para senado de la república,"iurakuna i nukanchipa runakunapas, sug llagtapi kaugsagriskakunapasmi pudinkuna awanigmanda kawagkunata maskangakuna, paikunata maskai tiaura"
la enseñanza que se imparta en las comunidades con tradiciones lingüísticas propias será bilingüe,nukanchi kaugsaska llagtapi iurakunapa i nukanchipa simipimi iukanchi iachachinga iachaikug wawakunata
abnormalmente pequeño,panagta
ilichu,bungua ilichu
madera rolliza,manta kiru
acariciar,kuiai
sordo,mana uiag
ardilla,ardita
incrustarse,satirii
cubrir,pakachii
oscuro,tuta
sacarse,surkurii
calambre,angukuna timplarii
kuatisha,juatisha
romper,llikii
apetitoso,pisiag
cortado,kuchuska
poner huevos,wachai
curandero,ambig
desmenuzar,ñutuchii
defecar,ismanaiai
ricachón,iukaiug
"los pueblos indígenas por siempre hemos tenido nuestras leyes auténticas, esas forman nuestra constitución basada en el derecho natural","nukanchita imakuna chaiaska iukangapa u mañangapa, ianga pangakunallapimi niraiarka, mana nukanchita imapas kuaspalla, paikunaka nukanchita mana balichispalla, nispasi paikuna ima munaska ruradur karkakuna"
lloviznar,tamiarii
criar moho,mujusiai
acercarse,tuparii
la otra,randi
dormir,puñui
unirse,katirii
aceite,wira
árbol moquillo,mukillu
desgranar,iskui
estómago,wigsa
dar remedio,ambi karai
crin,agcha
cazar,bida maskai
distraer,unaiachii
derramar,ichai
hombre,kari
vender,katui
dolor mental,llakii
cerrar,wichkai
bien cocido,apia
hacer huir,mitikuchii
permitirse recibir,rikuchirii
dislocado,kiwiriska
remedar,asipaiai
"los miembros de pueblos indígenas que compartan territorios fronterizos, con aplicación del principio de reciprocidad según tratados públicos","sug llagtapa wawakuna, kai llagtamandasina niraiangapa, sug pangapi allilla iuiarispa, sug makiwa pangapi kalpachispami mañangakuna, imasami achka iachag pangakunapa wawapi niraian chasallata, ñi maillapas mana sugma kinraiaspalla, chi achka iachag pangakunapa wawallatatami ninga imaurami mana chasa chaskingakuna u mana ningakuna, sug llagtapa wawa kagmanda"
malki,arracacha
cortado,kuchuska
mojado,jukuska
quedarse quieto,kasillaiai
echar,tallii
saber,iachai
revivirse,kaugsarii
aliui,arrastrar
cerbatana,budukira
cubrir,maitui
jadeante,shachananai
duro,sinchi
resbaladizo,lluchka
medida,tupu
"santiago, putumayo, septiembre 26 de 1993",traide achka iachag pangata nukanchipa simipi ialichig paipa makiwa kalpachispa kawachiskata rigsisunchi
los dos,iskandi
estar amarrado,wataraiai
meñique,wawa didu
anochecer,tutaiai
todo lastimado,kachi salas
uchullatum,chiquitico
capar,kapai
castrar,kapai
le falta,Washbi
estirarse,atuniarii
hacer andar,purichii
cavidad,sumbu
adulado,kuiaska
cerrado,wichkaska
cantar,kantai
compartir carne,aichirii
encontrar,tarii
mate,mati
encontrar,tarii
morderse,kanirii
choclo,chugllu
abortar(se),sullurii
bocio,kutu
maíz rojo,puka sara
estar abierto,paskaraiai
árbol común,sauki
lulo,naranjilla
hacerse aplicar,awichirii
acomodarse,kawiturii
afianzarse,tanuai
alegrarse,kuntintarii
"todo colombiano, con las limitaciones que establezca la ley, tiene derecho a circular libremente por el territorio nacional, a entrar y salir de él, y a permanecer y residenciarse en colombia","tukui kai atun llagtapi kaugsag runakuna pudinchimi puringa intiru nukanchipa atun llagtapi u llugsinga sug llagtakunama u ikuti kutimunga nukanchipa atun llagtamallatata, i nisaka maipi mas sumaskapi kai kulumbiapi kaugsangapa"
vicundo,wikundu
comida,mikui
oloroso,asna
robar,juai
salir nubes,puiuiai
hacia atrás,katima
¡Que bien!,Wanai
rejo,asuti
reírse,asirii
¡Le falta!,Washbi
cobija,katanga
cocinar,ianui
escurrir,washjai
adilio raul chasoy c,"achka iachag pangata nukanchipa simipi ialichii aidagkuna sutikankunami: mateo chasoy chasoy, isidoro chasoy chasoy, domingo tandioy chasoy (paikunakla puiblupi tianakuskami kankuna), maria esperanza jacanamijoy jansasoy, jaime pena jamioy (paikunaka puiblupi tianakuskata katiraigkunami kankuna), blanca chindoy, mercedes jacanamijoy muyuy i francisca jacanamijoy muyuy (iurakunapa i nukanchipa simipi iachachigkuna) i sug askurinti iapa iacha taitakuna, waiuiaku i floresta la española sutimanda ubirnadurkuna"
bien amontonado,tulaska
piojo,usa
ladrón,sisai
recordar,iuiarii
palabra puchukai,discordias
artículos de la constitución política de colombia-1991 escogidos para su traducción a la lengua inga,"mailla nukanchita chaiaskata, nukanchipa rimaima kulumbiamanda achka iachag pangata ialichiska, 1991"
la mujer no podrá ser sometida a ninguna clase de discriminación,warmita mana pudinchichu laduma churanga
estar,kai
endeudarse,dibirii
todo empapado,tagsa
balsa,balsa
preguntar,tapui
en abundancia,junda junda
nombrar,sutichii
día,puncha
rajado,chigtaska
sumamente largo,sunichu
enredar,washjuchii
abuela,mama siñura
hacer cargo,karguchii
moquillo,kuilalun
asar,wansmii
partirse,bandarii
estar acostado,kamiraiai
afortunadamente,antis
hacer zanjas,chambai
empequeñecer,uchullaiachii
coserse,sirarii
enojarse,rabiarii
agradecer,Pai nii
meter,ñitii
romperse,llikirii
puño,puñiti
distraer,kungachii
voltearse,tigrarii
mecerse,wagtarii
chundur,jinti chundur
duende,turmama
estar encinta,wawa aparii
dónde,maipitak
cocinar,ianui
cucarrón,isma muru
chirimoyo,wanamna
correa,siñidur
arrimar,kimichii
mojado,shiba
estirarse,chutarii
ensuciarse,mapaiai
endurar,tisuiai
recto,wachuma
hacer caber,pagtachii
almohada,sanua
estante,kawitu
"son derechos fundamentales de los niños: la vida, la integridad física, la salud y la seguridad social, la alimentación equilibrada, su nombre y nacionalidad, tener una familia y no ser separados de ella, el cuidado y amor, la educación y la cultura, la recreación y la libre  expresión de su opinión","kai suma iuiaspa kaugsai wawakunata mana iukancichu pisichinga, kuirpupi ñimapas mana iukanchi pisinga, mana ungug kangapa i nukanchi runapura kaugsaskapi  xxonai  anderson  allilla kangapa, alli mikui mikungapa, atunkuna iukangapa, atunkunapagmanda mana llugsichii tukungapakuna, kuiai tukuspa i sumaglla munanakuspa, iachaikui i tukuikunapa iuiai i kaugsai pugllai paikuna imasa munaskasina u imasa iuiaskasina rimangapa"
aparece en la tercera parte de este libro,digitalizado por sistema de bibliotecas-universidad de los andes
tocar,uiachii
zarazo,ichu
palabra,mañaji
esperar,suiarii
volverse anémico,killuiai
camino,ñambi
volverse agradable,miskiai
bien,sumaglla
ensuciarse,mapaiarii
siempre enfermo,ungu siki
corazón (dedo),chaugpi didu
grande,atun
molusco,taka kallu
bañar,armachii
kulki,dinero
calentarse,rupaiai
quién,pitak
llovizna,kuichi tamia
embarazada,wigsawa ungug
cazar venado,tarukiai
alrededor,muiundi
cernir,susui
erizo,michichin
¡Pobresito!,Apai
huso,puchkanga
brotar,nasirii
tos,ujui
enojarse,warbuñii
sueño,puñui
árbol pequeño,taruka sacha
temblor,alpa kuiurii
dejar endurecer,sinchiachii
planta pequeña,ugchichi
disentería,ialii
correr,kalpai
aborrecerse,amii
chupar,ubsii
la ley establecerá las condiciones para su creación y gestión,achka iachag pangapa wawami ninga
choza,tambu
coserse,sirarii
vergonzoso,pinga siki
hormiga,añangu
garañón,garañu
en orden,wachuspa
bien apretado,sipigta
flojo,chuchingu
¡Que bien!,Wanachu
"el estado reconoce, sin discriminación alguna, la primacía de los derechos inalienables de la persona y ampara a la familia como institución básica de la sociedad","tukuikunatami atun llagtaka rigsi, ñi pitapas mana sugma churaspalla, nukanchipa suma iuiaspa, suma kaugsaita sumaglla kuaspa i nukanchipa atunkunata sumaglla maki kuaspa i willaspa paikunami mas atunkuna kankuna"
ortiga,chini
servirse ají,aiarii
regarse,icharii
boje,iura sungu
endurecerse,sinchiai
entonces,nigpi
arar,rastrujiai
banco típico,banku
adelgazar,ñañuiachii
tambu,choza
mojar,jukuchii
en tal virtud tendrán los siguientes derechos:,chasa apachiraigmandami kaikuna chaskingapa kankuna
hierba medicinal,ñawi bina
¡Caramba!,Karachu
planta pequeña,ubchichi
terminar,puchukai
el derecho a la vida es inviolable,ni pipas wañuchii u wañuchichii mana pudingapa kanchu
afilarse,filuiai
gotear,sutui
"anteriormente nunca tuvimos la oportunidad de conocerla ni en castellano y peor en nuestra lengua materna; razón por la cual, queremos dar nuestro pleno respaldo a la dicha traducción por las siguientes razones:","achka iachag pangata nukanchipa simipi ialichingapa, chitaka nukanchipa simipi universidad de nariñomanda francisco tandioy jansasoy sutimi ialichirka, paika nukanchipagmadami ka"
"los símbolos de la casa, del cuerpo, de las direcciones del cósmos, de la firmeza, de la palabra sagrada como compromiso, y tantos otros, fueron así utilizados para este nuevo uso, así como lo fueran, en el nacimiento de la forma escrita del derecho donde quiera que apareciera","intiru wata mas, tukuikumamandapas mas iacha runakuna, sug mukanchipagmanda iacha runakunawa tuparispami, nukanchipa simima ialichii kallarirkakuna"
respirar,samai kachai
llegar acá,chaiamui
"al presentar nuestro apoyo a la traducción también solicitamos a las instituciones del estado, escuelas, colegios y universidades su difusión, adopción y aprendizaje, ojalá como un texto obligatorio para su estudio; de esta manera podemos y estamos dispuestos a recibir cualquier clase de sugerencias siempre y cuando sea constructiva","ni iurakunapa, ñi nukanchipa rimaipi imapas mana rigsirkanchichu"
donde,maipi
tostar,kamchai
ayudar,aidai
zig-zag,kingu kingu
Que sorpresa,Ajaa
amarillarse,killuiarii
lesionar,lisiachii
embocar,amullii
equivocar,pandai
pedazo,piti
doblar hilos,kaugchuchii
fecundado,washbi
arañar,aspii
cobijarse,katai
apegarse,tuparii
chamuskai,asar
acompañar,katii
fermentado,timbuska
mazamorra,sambungi
achiote,mandur
cuento,parlu
endeudarse,dibirii
apelmazar,apiachii
estirarse,pagtarii
"en todo caso de incompatibilidad entre la constitución y la ley u otra norma jurídica, se aplicarán las disposiciones constitucionales","mana achka iachag pangakuna suma tukuskata u mana achka iachag pangapa wawa suma kagpika, nukanchita iuiachigkunami iuiachinga, imasa kangata u maikan mas iacha pangata iuiachingata"
pegajoso,wikiiug
alucinación,muskui ukupisina
desocuparse,lugariai
cabeza,uma
volverse rebelde,ainirii
"por la dificultad del texto castellano por traducir, por la necesidad de buscar en las lenguas indígenas palabras y giros con usos o sentidos muy poco familiares a los hablantes, era imprescindible dar un carácter colectivo a la traducción y recurrir a grandes conocedores de la tradición por un lado, a ""personas-puentes"" por otro lado",kai achka iachag pangata nukanchipa simima ialichingapa
piñachirii,debatir con
marearse,uma muiurii
llevar,wandui
allí,chipi
nadie será molestado por razón de sus convicciones o creencias ni compelido a revelarlas ni obligado a actuar contra su conciencia,"ni maikanpas mana piñangapa kanchu nukanchipa iuiai u munaimanda, kawachii u willai mana iukanchichu 30  willanga, nukanchi ima iachaska u ima iuiaska terma nukanchillami iukanchi charinakunga"
ponedora,wachadura
envolverse,maiturii
caminar,purii
hacer algo,timplarii
cabuya,chawar
aquí,kaipi
recortar,umutiachii
mezcla,chapu
maduro,pukuska
curar,allliachii
alumbrarse,punchaiai
barro,turu
zapallo,sapallu
tostado,kamcha
planta medicinal,puka sigsi
zafarse,kichuririi
oxidado,kiiaiaska
mañana,kaia
usar,maukaiachii
ahora,kaiura
chicha,aswa
desbastar,utkui
"obtuve el respaldo total del director del proyecto, jon landaburu; además, ha sido de mucha valía la vinculación de la universidad de nariño al proyecto anteriormente mencionado, quien me concedió los permisos necesarios para trasladarme tanto a mi comunidad como a santafé de bogotá con el fin de asistir a las reuniones convocadas por el coordinador, sin ese concurso, no hubiera podido realizar mi traducción","askurinti ajaimi alli iachiwarka, kai achka iachag pangata ingakunapa simipi ialichingapa kuawaura"
secar,chakii
zumbar,chinchimirii
medio madurarse,ichuiai
"esa constitución la tenemos cada pueblo indígena, esa es nuestra propia ley, sin embargo respetamos otra leyes de la comunidad nacional","kunaurakari achka iachag pangakunapimi churaska tiá, chiwanka pudinchimi mañanga, nukanchimanda ima niraiaska i chasami iukankuna kuanga"
de repente,diulpi
comer,amullirii
coqueto,pingari
esposa,mama ñaña
criar,wamnai
de ganas,diganas
premio,uiansa
desagradable,mana chaia
hacer vomitar,kimnachii
arroz,arus
esta se expide para la convivencia y el respeto mutuo entre los habitantes de nuestro territorio,"achka iachag pangakunaka, achka iachag pangakunapa wawapa taitami ká, nispami tukuikunata mandá"
"las autoridades de la república están instituidas para proteger a todas las personas residentes en colombia, en su vida, honra, bienes, creencias y demás derechos y libertades, y para asegurar el cumplimiento de los deberes sociales del estado y de los particulares","tukuikunamanda ima ministiska maskapungapa, nisaka kawanga ari sutipachu kuankuna"
agacharse,kumurii
protegerse,kispirii
engordar,wiraiachii
diente,wawa kiru
casarse,kumpañarii
lluspirii,bajarse
abandonar,sakii
motilón silvestre,sisinda
jadeante,samai arkari
alrededor,kuchu kuchu
voltear,tigrachii
ansias,desmayo
murciélago,chimbilaku
torcerse,wingiai
tener dolor,nanachirii
convivir con,kawituraiai
caracol,churu
agacharse,pagcharii
kusaska,asado
palabras del coordinador de la traduccion a siete lenguas indígenas,sug rigcha kaugsag runakunapa kanchis simima ialichingapa chaskig imasa niskasina
unai tukui,despreciado
sentir,iachirii
"santafé de bogotá, febrero de 1994",imasa nukanchipa wasi kagta
estar acostumbrado,iacharaiai
cabecera,shauna
¡No!,Amaa
que conoce,rigsi
rascarse,aspirii
aprisa,kalpa
encontrarse con,taririi
medirse,tupurii
hacer apegar,llutachii
hierro,iru
en muchedumbre,waiunga
corte,tarka
francisco tandioy jansasoy responsable de la traducción,"atun llagtapi, tukui nukanchipuramanda rimapugkuna ,onic sutipi trabajagkunata alfonso palma i segundo antonio jacanamijoy sutikunatapapsmi pai siñursitu iukani inga, allita saikugta i sugratuka piñai tukugta imapas purishangichi"
oxidado,wakaska
el consejo nacional y los consejos territoriales de planeación constituyen el sistema nacional de planeación,"paikunataka pusag watapami agllanga chusku wata kaura sug maillakunatami pudinkuna trukanga, imasa achka iachag as masa fa pangakunapa wawa niskasina"
incrustado,ñitiska
borrachón,upiangichu
"durante más de un año, los lingüistas indígenas organizaron equipos de traducción y reuniones con las comunidades para estudiar los textos, crear o rescatar términos, someterlos a discusión",askurinti manchaspa animalmi karkani
rociar,shabimai
abisparii,avisparse
encorvado,wasa punta
los particulares podrán fundar establecimiento educativos,maikan runakunapas wasikuna saiachispa pudinkunami iachachinga
regalarse,iukachirii
hijastro,wambra ninga
ablande,wabajui
empalidecerse,irkiai
frío,chiri
diarrea,kicha
amortiguación,shabujui
"los bienes de uso público, los parques naturales, las tierras comunales de grupos étnicos, las tierras de resguardo, el patrimonio arqueológico de la nación y los demás bienes que determine la ley, son inalienables, imprescriptibles e inembargables","tukuikunamanda niraiaska, tukuikunamandami ká, sachukukuna wakachiska, sug rigcha kaugsag runakunapa alpa, ñugpamanda runakuna ruraska sakiska, kai mama llagtapami ká, i sug ima tiaskakuna imasa achka iachag pangakuna wawapi niraiaskasina, chikunami kankuna mana katudiru, mana kichunga pudiri suma iuiaspa kaugsai mana tukuringapa kanchu"
curarse,aliarii
aunque,maski
Tu,Tutututu
planta paragüilla,bukuia
amasar,masachii
repugnante,millanga
destruir,wagllichii
buscar,maskai
dejar endurecer,sarasuiachii
pegar,wagtai
ramo bendito,bindisaska ramus
rápidamente,utka
asfixiante,chukari
uchullaiaska,bajado
iakuiachii,desleír
alejarse,chasama tukui
sesenta,sugta chunga
dos meses,iskai killa
¡Oiga!,Au
hipar,sungu aisai
convidarse,kunbidarii
rodarse,tunirii
mejorar,alliai
nueve,iskun
conservar,wakachii
vencer,binsii
entrar,iaikui
alegre,aligri
llenar,wansai
avergonzar,pingachii
hermanastro,wagki ninga
demorado,unaiaska
cortar,kuchui
ponerse collar,walkarii
mullu,desigual
árbol yarumo,buma maki
incrustar,ñitichii
agregar,iapai
bañar,armachii
correctamente,juisiu
enyerbado,ugsaiaska
empapado,Tagsami karkani
cardar (lana),ñagchachii
desocupar,lugariachii
creemos que se allanó el camino para traducir los otros cuando surja la necesidad,ña chasakari sutipami iachi nukanchipa rimaima ialichiskasina
blanquearse,iuraiai
esbelto,ñañusu
gorrión,shulugchi
ponsoña,punsuñu
preparar lodo,turuiachii
pescar,chalwai
¡Tenga!,Chiká
urdir,awillii
ennoblecerse,atuniachirii
boxear,puñitianakui
barranco,waiku
jugar,pugllai
encender,sindichii
pasar,ialii
lavar,maillachii
"los estudios que desarrollábamos aquí, desde hacía más de diez años, nos habían mostrado a todos, estudiantes, profesores e investigadores, la profundidad, sutileza y belleza de la gramática y del léxico de las lenguas indígenas","chiuraka, mailla manchaspalla imapasmi ari ainirkani, chasa nispaka askurintimi alli iachiwarka"
ennegrecido,juliniaska
pitii,desprender
calzar,churachii
cinta,maki watanga
picar,aiai
llevado,wandupi
gallina,atawalpa
apretado,sipi
cinta delgada,kari chumbi
endurecerse,angiai
contestar,ainii
chunga,diez
antonio cuatindioy gobernador del cabildo inga de san andrés,nukanchipa simipi ialichigta aidagkunapasmi nukanchipa rimaita askuarinti allilla rimagmi kankuna
angustiar,llakichii
rosca,tasin
despiojarse,sisurii
sin provecho,ianga
arrastrarse,aliurii
pobre,pubriai
automóvil,augtu
maíz pintado,pintadu sara
patio,kancha
apagar (fuego),wañui
volverse bajo,uchullaiai
barriga,wigsa
embarrado,llunchiska
sitai,arrojar
enroscar,tasinai
qué,imatak
"el hecho de haberme enfrentado a esta dura tarea, sin una experiencia previa en traducción, me da satisfacción de haber logrado conocimiento y haber adquirido un acervo cultural, lo cual beneficiará a la universidad de nariño, a mi comunidad inga y a otras personas o instituciones que requieran el conocimiento de este trabajo","kamkuna chasa mana sapalla sitawagpikunaka, ikutimi imakunapas pudinchi ruranga"
agujero,jutku
todavía,chira
cazar chuntaruku,chuntarukiai
dulce,miski
humillar,kumuchii
mosquito diminuto,kijin
estar levantado,atariraiai
íntimo,iacharidu
olerse,asnarii
tranquilizarse,kasillarii
lanudo,milmunchu
hacer cubrir,kilpachii
puente,chaka
mascar,mukui
cortarse,kuchurii
calmarse,pasinsiarii
golpear,makai
atontarse,upaiai
unirse,piarii
conocido,rigsidu
por dónde,maitatak
aporte,ramai
envolver,maitui
se divide,chaugpirii
no se tradujo toda la constitución,"parlanakuspa kawachinakungapa, ari imasami nukanchipa simima ialichii apanakunchi u suraka wachu llugsichii nukanchi kikinpura aidachinakungapa, maikan pandarispa apakuskata"
destrozarse,llachapaiai
bolsa,jigra
hallar,suirtiai
colgar,warkui
fermentar,timbui
bajar,uraikui
"gozarán también de los demás derechos consagrados en la constitución, en las leyes y en los tratados internacionales ratificados por colombia",allilla kaskakunapas chasallatami chaskingakuna
dormir,kulai
morder,kanii
tostarse,kancharii
día feo,jiru puncha
hermana,pani
muy mentiroso,llulla siki
recibir,chasii
extenso,suni
agachado,kumuriska
hermanastro,turi ninga
alcalde,alkaldi
asiento,tiaridiru
huir,mitikui
defecar,kakai
traer augurio,juajuachii
enfermedad,ungui
apolillado,mukuska
ocho,pusag
comida,mikui
doblar ropa,patarichii
cedazo,susunga
ganar,ganai
la ley establecerá los mecanismos para readquirirlos cuando se encuentren en manos de particulares y reglamentará los derechos especiales que pudieran tener los grupos étnicos asentados en territorios de riqueza arqueológica,"chikunataka mana katudiru kanchu, mana kichungapa pudirinchu, maituku unai nukanchi sakigpipas, nukanchi kikinpami kanga"
digitalizado por sistema de bibliotecas-universidad de los andes,paikuna mana chasa maki manchiwagpikunaka manimami kai wachuta llugsii pudini
se enciende,sindirii
cocido,ianuska
a todos muchas gracias,"ña kai ruraikuna apanakura chaiarkami suraka nukachipura piñanakugsina rimaspa, rimaspa kangapa"
este día,kuna puncha
resbalarse,lluchkarii
calor,rupai
conga,rigsi
coser,sirai
pálido,linsu ñawi
llevado,markaska
peluquear,agcha kuchui
preñar,chichuiachii
curuba,purupuru
recibirse,chaskirii
callar,upallachii
vacío,sumbu
pantalonsito,muchingu
volverse plano,pambaiai
adónde,maimatak
dirumbu,derrumbe
corto,umutu
segunda vez,parisma
inventar,llullarii
una visión,muskui ukupisina
mil,waranga
existe,tia
ombligo,pupu
poner corona,llaugtuchii
cien,pasag
matiwaja,armadillo
cinta delgada,kari chumbi
bodoquera,budukira
hacer verano,indii
agarrar,aisai
despiojarse,ilusarii
fraccionar,pitii
templado,lipia
comezón,sigsii
alegrarse,alli iuiachirii
gatear,llukai
inclinar,kinraiai
ventear,wairarii
concavidad,kingu
bejuco,waska
hacer espacio,luariai
alcanzar,pagtai
sentir calor,kunui
brindar,kaiajuachii
en los establecimientos del estado ninguna persona podrá ser obligada a recibir educación religiosa,achka iachag pangapa wawami maki kuangapa kankunata mas iachaikungapa i sumaglla kuiachispami iachachigkunata charingakunata
espeso,sangu
ennegrecer,juliniachii
aumentarse,iaparii
se emborracha,machai
anteriormente,ñugpata
irle bien,alli rikui
digitalizado por sistema de bibliotecas-universidad de los andes,"suraka nukanchipa rimai chingaska kaskata, kausachispa, kausachispa apachirkanchi u suraka mas achalakunata tapuchispa, tapuchispa apachirkanchi mana pandaringapa, suma uiari nukancipa simipi kidangapa"
anciana,achala mama
telar rústico,awanga
cocido,ianuska
sibta,warmi sibta
donar,largai
aguantado,awantadu
necesitado,ministidu
carretera,ñambi
lavarse,tagsarii
chuntaduro,chuntaduru
cuento chistoso,urdimal parlu
temerosa,manchaiug
faja delgada,sinta
enviar,kachai
dejar endurecer,sinchiachii
abuela,achala mama
perdonar,pasinsiai
"domingo tandioy chasoy, luis manuel tandioy, mercedes jacanamijoy, jesús carlosama, francisca jacanamijoy, blanca chindoy, cristo simón puerchambud, juan muyuy, esteban jansasoy y otros exgobernadores y demás líderes de la región, quienes siempre estuvieron presentes y prestos a colaborar asistiendo a los seminarios programados","mana chasa kuawagpikunaka, maikan kai achka iachag pangata nukanchipa simipi ialichingapa mañagkunatami iapa pingaiachini"
colador,susunga
hacer avío,wagllai
cola,chupa
cobijarse,katai
vergonzoso,pinga
como,kuinta
fecundado,washbi
antojado,karchu
podar,shuchui
nutria,iaku alku
de nuevo,ikuti
balsa,balsa
plan,pamba
madurar,pukuchii
brujo,jiru iacha
sacha wagra,danta
los servidores públicos lo son por la misma causa y por omisión o extralimitación en el ejercicio de sus funciones,chasallata kikin taitakuna mana suma iuiachigmanda u mana suma iuaikunawa sugkunata llakichispa purichigmanda paikunatapasmi achka iachag pangakuna iuiachingapa kaiangapa kankunata
partir,bandai
restos,puchu
brindar,kaiajuachii
dejar endurecer,sarasuiachii
"muy satisfactorio también sentir la vitalidad de estos pueblos antiguos, emprendiendo nuevos caminos de entendimiento del mundo de hoy, que sean a la vez nuevos caminos de profundización de su memoria","paikunapa iuaimanda, iaiaimanda, kulkukunamanda, rinri kaugchuikunamanda tiaskata mana kungaringapa"
siempre enfermo,ungu siki
árbol encino,insiñu
wanarii,arrepentirse
acabarse,puchukarii
345 pasto gobernador del cabildo inga de aponte,san miguel de la castellana sutimanda ubirnadurka sug musitutami kachamurka kai achka iachag pangata nukanchipa simipi ailichii apanakura
alegrarse,aligriarii
medicina,ambi
desplomado,kinraiaska
desnudo,llatan
incendiar,nina rupachii
por donde,maita
a donde,maima
cerebro,tutañu
didu,dedo
pelea,piliai
alargar,suniachii
cerdo montaraz,sainu
chapuli,chicharra
conducir,pusai
ennegrecerse,juliniai
matarse,wañuchirii
hacerse acomodar,kakuchirii
así mismo,chasallata
abigarrado,sarasa
pisar,sarui
bañarse,armarii
rajarse,chigtarii
comer,mikui
vomitar,kibnai
hacer dormir,puñuchii
a donde,maimatak
volverse áspero,sargaiai
asintai,aterrizar
abstenerse de,sasii
humillarse,uma kumurii
oler,asnai
empezar,kallarii
prestar,mañachii
empobrecer,pugriai
¡Buenas tardes!,chisiapuangi
adornarse,tugturii
hacer amarillarse,killuiachii
hacer aplicar,awichii
tener hijos,wawaiug kai
desgajado,lluspichiska
curarse,ambirii
automóvil,karu
solo,sapalla
hermano,wagki
aparecer,kawarii
taza,kuashag
curandero,sinchi
cernirse,susurii
torcer,kaugpui
trompa,puru singa
por medio de las acciones se acude ante los jueces para solicitar protección,"kai mañadirukuna ña sutipa nukanchita charig iurakuna kuangapa, nukanchi kikinllami pudinchi ringa ast mañangapa; mana sug lidu rimapungapa maskaspalla"
doblar,patarii
planta medicinal,chulku
hacer meter,ñitichirii
hígado,iana sungu
mano izquierda,lluki maki
comadrona,kakug
cigarra,chapuli
teta,chuchu
dormirse,kularii
cuidarse,kuidarii
rajado,chigta
derrumbe,dirumbu
concavidad,kingu
hincharse,pungii
estar acomodado,kawituraiai
interrogar,tapuchii
oro,kuri
dormilón,puñu siki
"de igual manera, la política exterior de colombia se orientará hacia la integración latinoamericana y del caribe","imasa kikin wawa llagta, uchulla llagtakuna sumaglla tapuchiskasina, i sug atun llagtanigta suma iuiaspa kaugsaikunata nukanchipa kulumbia animuskata"
cualquier tiempo,imaurapas
donde,maipi
hervir,timbui
faja triangular,kitara chumbi
ojalá que,simpri
augurar,juajuarii
"nadie será sometido a desaparición forzada, a torturas ni a tratos o penas crueles, inhumanos o degradantes",ni pitapas mana
empeorarse,grabarii
chimanda,desde allí
randichii,desquitarse
se endereza,diricharii
desmontado,dismuntaska
levantar,atarichii
curarse,alliarii
hacer candela,ninaiachii
la constitución es una ley mayor que guía las demás leyes de una nación,"nispami tukui kai atun llagtapi kaugsagkuna, pai imasa mandaskasina ari ningapa chaiá"
venderse,katurii
ensalar,kachiachii
desgranarse,iskurii
recién nacido,llullu wawa
movimiento,kuiui
"los cotraductores que le colaboraron para la traducción son: mateo chasoy, isidoro chasoy, domingo tandioy chasoy (exgobernadores), maría esperanza jacanamijoy, jaime peña jamioy, luis manuel tandioy (líderes), blanca chindoy, mercedes jacanamijoy y francisca jacanamijoy (profesoras bilingües) y otras personas muy prestantes, como son los gobernadores de guayuyaco, la floresta española, san miguel de la castellana quien envió un delegado","santu dius, ñugpata achka iachag pangata mana rigsirkanchichu"
arete,pirindinga
abrazado,ugllaska
enfermo,ungug
amortiguarse,shabujui
hacerse defender,kispichirii
amontonar,juibutui
derretirse,iakuiarii
despertar,rigchachii
acogerse a,chaskii
bendecir,bindisai
hacerse,kawiturii
con nudos,wangudu
rodilla,kungur
disolver,chuiaiachii
"la anterior constitución por haber sido escrita, casi por una sola persona y a nombre de un solo partido, ni siquiera contemplaba nuestros derechos ancestrales, ignorando nuestra existencia en la vida jurídica de colombia","kai kimsa nukanchipura runakunapasmi iurakunawa tiarirkakuna, chi achka iachag pangakunata surkungapa"
sudor,jumbi
hacer rodar,tunichii
col,iuiu
joven,sipas
calumniar,juchachii
pájaro,kuibibi
permitirse,lisinsiarii
aplanchar,planchai
abuelo,taita siñur
achira,kaspi achira
canasta tejida,saparu
tejido,awaska
amirii,asquiarse
acordarse,pagcharii
"la entrega oficial de esta traducción, es el resultado de un exhaustivo e intenso trabajo con los representantes de las comunidades indígenas, en el cual nos hemos nutrido de su milenaria sabiduría, para comprender con ellos, el secreto de su ancestral convivencia pacífica","iapa saikugtami kada puncha, kai alli iachhiikunata maskanakurkanchi, tukuikuna kaipi sumaglla waugkindikunasina sugmalla kaugsangapa, iukag, mana iukag, wapu, mana wapu,ña askunrinti unai animal kai atun llagtapi kaugsagkunamanda, kai iapa sumami ka"
trasladar,ialichii
"juan jansasoy tisoy, antonio cuatindioy, adilio raúl chasoy, gobernadores de santiago, san andrés y aponte respectivamente, y otros gobernadores que asistieron a los seminarios de traducción efectuados en el cabildo inga de santiago, putumayo","allita chasa kuawarshangichi, mana chasa kuawagpika manimami kaita puchukangapa pudini"
sin embargo,chasa kagpipas
chi,chin
alimento,mikui
tostarse,kamcharii
abandonado,sitaska
canilla,shibka
silbar,chiplai
conocer,rigsii
chistoso,rasia
enderezar,dirichai
¡Vámos!,Aku
orinar,ispai
redondo,muru
ardiencia,raura
las principales acciones son: 1,"asnikm  maiaaaxx  kai mañadirukuna, nukanchi kikin mañadirumi suti ka; nukanchipa suma iuiaita u kaugsaita nanachigpikuna u ña sutipa runakunata u tukui nukanchipa alpapi kaugsagkunata nanachigpikunaka, sug iura mana suma kaskata allilla iuiachidurpagmami iukanchi willangapa ringa, paita aiudawai ruangapa"
ochocientos,pusag patsa
iarkai,diiarkai
cerca de,kailla
se endereza,diricharii
tomar,migllarii
granos,chugllu muiu
endeudado,dibi
débil,samba
encenderse,sindirii
dentro de,ukupi
"el estado garantiza las libertades de enseñanza, aprendizaje, investigación y cátedra","nukanchipa atun llagta tukuikunatami iuka kuanga, nukanchi ima munaska ianga iachaikungapa u nukanchita ima mas ministikata iachaikungapa, u iachachigkuna imasa suma iachaskasina iachaikugkunata iachachingapa"
fallecido,wañuska
seco,tustaska
detrás,kati
fallecer,wañui
"son entidades territoriales los departamentos, los distritos, los municipios y los territorios indígenas","iurakuna ruraspa sutichiska wawa llagta, awa wasikuna i achka wasikunaiug, iurakuna sumaglla kaugsadiru, iurakuna uchulla llagta sutichiska i nukanchipapurapa alpapasmi atun llagtapa e  wawakunallatata ka"
enmascarado,kukuruchu
torcer,kaugchui
bejuco,iana bichu
volverse vacío,chusaiai
habrá un número adicional de dos senadores elegidos en circunscripción nacional especial por comunidades indígenas,"nukanchipas iskai awanigmanda kawagmi pudinchi maskanga, iurakuna munagpi u mana munagpi imapas, nukanchipa iaskai runakuna iukankunami tiagrigringa, paikunata maipi chaiaskapi, nukanchimanda sumaglla rimaspa i kawaspa"
embocar,amullii
allichiska,arreglado
distraer,pandachii
medio fracturado,kindiaska
se emboba,tuntiadu tukui
encorvado,kumuriska
arkai,atajar
de atrás,kipamanda
aportar,luariai
asado,wansmiska
lavado,maillaska
apreciados amigos: al clausurar las sesiones de la asamblea nacional constituyente afirmé que ese día se iniciaba una nueva era en la historia de colombia,"ña achka iachag pangata allichii puchukaurukuna, nukapa makiwami kalpachispa nuka imasa sutikaskasina churarkani, ña chasa rurauraka balimi kidagsamurka"
fermentado,timbuska
hacer frío,chirichii
de enseñanza,iachachidiru
kindi,chupaflor
bandiriai,desfilar
amanecer,pakarii
sachuku,karu sachuku
abuelo,atun taita
rico,iukag
carne,aicha
calavera,uma tullu
ciruela,siluira
estar amontonado,tularaiai
de estudio,iachaikudiru
avisar,willai
enfermedad,ungui
enojado,rabiariska
cómo,imasatak
maduro,killuiaska
todavía,chaira
chundur,kari chundur
fallecido,wañug
cerco,kincha
ruñii,druñii
dividir,chaugpii
tierno,llullu
templarse,lipiai
sueño,muskui
almaska,deshojado
equivocarse,pandarii
figura,rigcha
espantarse,mancharii
encima de,awapi
corto,umutu
hematoma,pisku chupu
el estado reconoce y protege la diversidad étnica y cultural de la nación colombiana,"tukui sug rigcha kaugsag runakunatami atun llagta muná, i kawá, paikunapa imasa kaugsai i iuiai iukaskawa kai kulumbia llagta suti kaskapi u kai mama llagtapi"
tirón,rapiai
lejos,karu
cual,maikan
enfermedad,ngui
cara,kachitis
llover,tamiai
sorprender,shachirii
amarrado,wanguska
articulos relativos a la protección de los derechos fundamentales,maikan mas suma mañadirukunata kawasunchi
ella,pai
tiaridiru,asiento
¿Está bien?,¿Alintaduchu kangi?
artículos relativos a los planes de desarrollo,suma iuiarispa mirachii
después,nispa
significar,niraiai
enrojecerse,pukaiai
destripar,chunchullai
con pena,dillakii
engrosar,rakuiachii
¡Salud!,Upiasu
encogerse,wangurii
urdido,awilli
lienzo,linsu
hermano,waugki
criarse,wiñarii
hospedarse,pusadarii
dar premio,uiansa karai
empacado,wagllaska
lago movedizo,bungua kucha
abeja,abijun
cuánto(s),masatak
amchishitu,delgadito
enyerbado,ugsalla
este,kai
enclenque,bandari
dedo,didu
afrecho,kunchu
distanciado,karu karu
meter,satichii
mano derecha,alli maki
pobre,pugri
carbón encendido,nina kilimsa
amarrar,wangui
regresar,tigrai
aplicar,awii
entretejer,simbachii
panela,dusi
fiesta,atun puncha
admirarse,ujnarii
urapi,bajo
embarrado,llunchi
sentarse,tiarii
ñutuchii,desmenuzar
mezclarse,chapurii
pasado mañana,sug kaia
¡Vámos!,Risunchi
curuba,purupuru
son nacionales colombianos:  c,kawasunchi ari pikunami kulumbianu niraianchi:  a
páramo,paramu
mirar sorprendido,tuntiadusina kawai
gato,misitu
algo,tinlla
endurecerse,angiai
piliarii,discutir
conservar,wakachii
profesor,iachachig
planta arácea,sigsi
apartarse,anchurii
la ley podrá establecer una circunscripción especial para asegurar la participación en la cámara de representantes de los grupos étnicos y de las minorías políticas y de los colombianos residentes en el exterior,"achka iachag pangakunapa wawami churanga, imasa nukanchipapura runallata agllangapa kagta, chimi nukanchipas iukasunchi awanigmanda kawadurkunata katiraigkuna, ianakunapas nukanchisinami iukankuna agllanga, sug iurakuna i nukanchipa runakunapas sug llagtapi kausagkuna chasallatami agllangakuna"
yota (tubérculo),kuna
cuarenta,chusku chunga
dejar,wanarii
dejar compartir,awichirii
preguntón,tapu siki
"de conformidad con la constitución y las leyes, los territorios indígenas estarán gobernados por consejos conformados y reglamentados según los usos y costumbres de sus comunidades y ejercerán las siguientes funciones:","imasa achka iachag pangakuna i achka iachag pangakunapa wawapi willaku, chasami nukanchipapurapa alpanigta nukanchipa iuiaiwa iukanchi charinga, sug iuiachispa purigkunami iukanchi maskanga, imasa iurakuna nukanchita charinkuna chasa, achka iachag pangakunapa wawapi kalpachiraiaskasina, imasa kaugsai, iuiai kaskasina, kaikunami pudinchi ruranga:  oxixxim  umuz con ingrenem sqeelliw senuchun saulut iqelliguz"
wingu,chueco
abuela,atun mama
empalagarse,amirii
entrambos,iskandi
untar,awii
"pol  el estado protegerá especialmente a aquellas personas que por su condición económica, física o mental, se encuentren en circunstancia de debilidad manifiesta y sancionará los abusos o maltratos que contra ellas se cometan","atun llagta tukui ministidutami sugllapi suichispa iuka maskanga, chasa ruragpika sutipa i allillami kanga, suma taitasina mana piñaspalla wagchukunatapasmi iuká sumaglla kawaspa aidanga"
su período será de ocho años y cada cuatro se renovará parcialmente en la forma que establezca ley,imasami suiuchispa pitikunapi niraian chasa
maduro,juchu
abajo,urapi
luciérnaga,nina kuru
respetarse mutuamente,rispitarii
grueso,raku
se encorva,kumurii
repartirse,rasiunarii
enfadado,kunu kunu
limpiar,limpiai
claro,punchalla
alargarse,suniarii
hemorragia nasal,sambai
sudoroso,jumbi jumbi
reprender,piñaspa iuiachii
hacia arriba,wichai
colada dulce,dusi api
"santiago, putumayo, septiembre 26 de 1993","santiago putumayo, septiembre 26 de 1993"
traer,wajuachii
conga,iana añangu
ñutu ñutu,diminutamente
pueblo,puiblu
miedoso,mancha siki
encargar,mingai
amortiguado,shabuju
estar enterrado,pambaraiai
abortar,sullui
potro,kuku ilichu
se encorva,kumurii
sobrado,puchuska
barro,turu
cuaderno,iachaikudiru panga
pasados,iali
arma antigua,makana
desmayarse,ansias apii
cincuenta centavos,fuirti
decir,nii
anteriormente,ñugpata
papa inútil,ianga papa
liviano,mana llasa
hacer espeso,sanguiachii
tronco hondo,kaspi puru
caer,urmai
dar calambre,angukuna timplarii
olla,manga
molleja,mulija
amortajar,murtajai
pagcharii,waska wichai
cubrir,pakachii
pequeñito,uchullatum
reverdecer,pangaiachii
inflar,pungichii
repugnar,millachii
hacer frío,chirichii
hacer espeso,sanguiachii
planta medicinal,puka chilku
vomitarse,kimnarii
regalar,iukachii
callarse,upallai
muy duro,muruchu
mermar,pisiachii
bañarse,armai
4 centavos,kuartillu
hacer bien,bin rurai
naríz,singa
ir,rii
alisar,llambuiachii
chukarii,atorarse
medio fracturar,kindiai
crespo,chirapa
pasearse,puririi
como,kuinta
dejar endurecer,sinchiachii
árbol,sacha
quedar asustado,samaikui
reunirse,tandarii
digitalizado por sistema de bibliotecas-universidad de los andes,conversidad de 25 andes
tener diarrea,kichai
fiebre,chugchui
comadrona,kakug (warmi)
hondo,jundu
triturado,ñutuiachiska
nii,decir
neblina,shachima
luna,killa
"la ley, a iniciativa del gobierno, determinará el porcentaje mínimo de esa participación y definirá las áreas prioritarias de inversión social que se financiarán con dichos recursos","achka iachag pangakunapa wawa, imasa atun llagtata charig iura runa mailla u achka ialichiskasina, i paimi ninga maipi, imapi, imaura chi kulkikunata ministiskapi tukuchingapa"
elevar,awaiachii
cortar,lisiachii
cavar,jutkui
aguantar,awantai
un “cacho”,llullarii
enderezar,dirichai
quedar,kidai
callada(mente),upalla
desmenuzarse,ñutuiai
buitre,kurikingi
muy lejos,karulla
filu,pilu
cogote,kuguti
maíz fresco,shuna
cepo,kabildu
dañar,wagllii
blanquear,iuraiachii
diablo,salvanji
alimentarse,mikurii
dividirse,chaugpirii
encontrar,tarii
encendido,sindiska
dismuntaska,desmontado
podrirse,ismui
cernirse,susurii
el consejo tendrá carácter consultivo y servirá de foro para la discusión del plan nacional de desarrollo,kai sugllapi tukuska runakunaka willaspa mañangakuna suma iuiarispa mirachig runakunata imakuna ministiskata
cuidar,wamnai
se encarga,mingarii
burlarse de,unai
él,pai
delatar,willarii
subirse,sikarii
fiesta,atun puncha
acabar,tukuchii
enclenque,bandari
aporte,rama
tejer,awai
hacer botar,sitachii
familia,pamilia
fracturado,lisiachiska
endurecerse,tisuiai
agradecer,Pai nii
calle,kalli
chupar,ubsirii
frasquito,limita
aumentar,mirai
uia,atento
"sin embargo, traducir la constitución, o sea, buscar los equivalentes de expresiones y términos jurídicos muy propios de la tradición occidental a lenguas indígenas tan alejadas de esta misma tradición, suponía un desafío totalmente nuevo y un riesgo alto",nispami iachanchi imasa suma chi rimaikuna allichispa kagta i maituku chi rimaikuna suma kagta
suelo adentro,uku
trasladar,llallichii
enclenque,bandari
estar agarrado,chariraiai
abuelo,atun taita
construir,wasichii
veinte,iskai chunga
volverse nene,wawaiai
orientar,iuiachispa iachachii
defender,kispichii
tacaño,kachitis
reírse,asii
hacer cocinar,ianuchii
acercarse,kaillaiai
arrojar sangre,iawar kibnai
madrastra,mama ninga
desgranado,bushmi
mosquito diminuto,jijin
abrigarse,rupaiai
torcido,kaugchuska
teñir,tiñii
"los miembros del consejo nacional serán designados por el presidente de la república de listas que le presenten las autoridades y las organizaciones de las entidades y sectores a que se refiere el inciso anterior, quienes deberán estar o haber estado vinculados a dichas actividades","atun llagtapi sugmalla tukuska runakunata, atun hollagtapi charig iurarunami agllanga, nukanchipurakunata kawag, achka runakuna sugllapi tukuska nukanchipa iuiaiwa u sugkunapa iuiaiwa sugkuna imasa paikuna kaugsakasina, nukanchikikin agllaska ialichiskata"
es obligación del estado y de las personas proteger las riquezas culturales y naturales de la nación,"tukui ima suma tiaska (alpa, alpa ukuma u awalla; sacha ukupi u awalla) atun llagta i nukanchi kikinkunami iukanchi kawanga"
pararse,pininai
colada,api
alejarse,anchurii
sara,iana sara
a ocultas,pakalla
árbol blanco,kujakillu
batea típica,batia
diarrea continua,kichala
embarrar,llunchii
arbolito,pinutilla
hay,tia
endeudado,dibi
rastrojo,watsiban
"isidoro chasoy chasoy, mateo chasoy chasoy (exgobernadores) maria esperanza jacanamijoy jansasoy, jaime peña jamioy y clemencia chasoy (líderes) quienes me colaboraron como cotraductores y se dedicaron de tiempo completo hasta finalizar el proyecto","chikari manaka, mana iacharkakunachu niwanga, nispami paikunatapas, pai siñursitu iukani ninga"
cucarrón,isma muru
chukachii,asfixiar
ir adelante,ñugpai
rabiachirii,disgustarse
rodear,muiuchii
huérfano,wagchu
encargarse,mingarii
unaiaska,demorado
comilón,sambungiru
conversar,parlai
abrazar,ugllai
Sí,Aja
oca,uka
acompañar,kumpañai
estar puesto,churaraiai
alcanzar,pagtai
tener miedo,manchakui
fallecido,wañuska
cuchillo,kuchillu
despeinado,uma chirapa
lanzar flechas,flichai
esquelético,chakiska
hoja,panga
cuatrocientos,chusku pasag
rama,malki
¡Siéntese!,Tachii
chupar,chuchurii
exprimir,surkui
cercar,kinchai
kiwii,dislocar
la ley establecerá las formas de coordinación de esta jurisdicción especial con el sistema judicial nacional,"maikan nukanchi pandarispa kaugsanakugpika, nukanchipa ñugpamanda atunkuna imasami iacharkakuna nukanchipa rinrita mukunga, chasami mukuspa apachingakuna mana suma ruraspa kaugsagkunata"
tejido grueso,simbaska
comer,kasturii
cerrarse,wichkarii
enyerbarse,ugsaiai
samai arkari,asmático
hierba 'nudillo',kiwa
¡Que bonito!,Chalai
curar,ambii
occidente,indi chingaridiru(nigmanda)
abdomen,wigsa
"por lo tanto, no vacilo en afirmar que este texto encarna el espíritu que animó la labor de los constituyentes: tenemos derecho a vivir en un país que como éste, sea amplio, tolerante y lo suficientemente democrático, para que todos tengamos un lugar bajo el sol de colombia",kai achka lachag panga mana ñi imapa mana balingapa kagta nigkunaka diltudumi limpu pandarispa karkajimikuna
cacho,bututu
volverse liso,llambuiai
hacer abstener,sasichii
sibta,kari sibta
engañar,llullachii
alborotar,killachii
crecer,susukaiai
cosechar,pallai
aflojarse,plujiarii
estudiar,iskuila risai
ochenta,pusag chunga
"durante el embarazo y después del parto gozará de especial asistencia y protección del estado, y recibirá de éste subsidio alimentario si entonces estuviere desempleada o desamparada","wawawa ungug kaura i ña wamra iukaskauramanda atun llagta iukami, ima ministiska ialinchinga, mana ñi pipas kawangapa tiagpika u mana ñima iukagpika"
aswa,chicha
enfermo,ungug
tangán,wachisha
volverse harina,ñutui
patilla,argan agcha
varios,machka
visitador,chaiag
ganar,wakanai
nublarse,puiu jundai
empeorarse,grabarii
charco,kucha
fiambre,kukawi
espanto,manchai
llenar,jundai
estar enfermo,ungui
