esp,nas
collareja,lu'sumb
sanarse,"wéet-, iiwéet-"
retoñar,bucha-
amparar,nwe'we-
lograr avisar,cpaapta'sh-
hacer escribir,cfi'ja'j-
"unos cuantos, pocos","manzcuée, manz manz, nanzcué"
papel,ets
llenar,utáa-
designar,vitrra nvijt-
relinchar,jimba pembée-
cansar,cwaaty i'j-
enrollar,and-
días hábiles,mjíi en
espesarse,fitse-
mugre,pta'nz
deseo,"tjáasnl, jytjáasni"
cobijarse juntos,yá'py-
pierna,chinda
carrizo de guadua,sllimum
caminar,u'j u-
cloquear,lucjlucj jí-
ponerse amarillo,"lem yuu- , lemúu- shquiicy yuu-"
vivir,"fi'nze-, ya'fi'nze-, ítyí fi'nze"
lágrima,"yafy yu', yafy dyic"
jáquima,cjaquima
ser salvo,ewte neeyúu-
pasar,"ejéw-, iicjéw-, jycjéw-"
hija,niisa
hacer estirar,cayzunzu'j
comadreja,"wáyáy, wéyíy"
crecer,waláa-
edificar,yat tyaj-
hacer ahogar,caacambutsje‘j-
cabildante,"cabilduwe'sh, cjúeswe'sh"
formar granos,wá'ji-
llegar de un viaje,ícj-
niño,cué
cámara lateral para enterrar,pumba'jni
tasajear,yuja'j-
parte de un todo que contiene diversos elementos relativos al mismo,f'id'
desfibrar cabuya,bajts cu'nd-
pescar,wendy uwe-
rechazar,e'scjé nvijt-
recoger,pcjacj-
querer,wendy-
oír,wésé'j-
bastón,cjáambu
peso,pesu
corteza de árbol,fytúu cja'ty
poner espantapájaros,caanasa'j-
desgajarse,shpite-
poner travesaño,cfindúu-
"Artículo 12. Nadie será sometido a desaparición forzada, a torturas ni a tratos o penas crueles, inhumanos o degradantes.","F'i'n'i pe'la 12. Kimyuhpa nasa nwe's'a's huuna' uwec'a í'suthya' ewumena, pk'uya', pápaya', kyac'hi'ya', ithaakwe kuk'the' yuuna, kaythameya' ewumena."
miércoles,qui'spyáj
conseguir,uy-
invierno,"nus en, nus pa'ja en"
apretado,zuuna'
"cerca, cerca de","utya, utyate, jyu'jmée."
ciempiés,"túpil, ultúpy"
diarrea,úchi'ch wee
trocha,pé'tjñi
impedir,yup-
ungir,shúsh-
causar sentir 'señas',cta'ñi'j-
componerse,en ewúu-
iglesia,dyuus yat
acompañar,paayuu-
hija menor,niisa nuuchsa
todo,jyuca
artesa,altesa
caliente,acha
acostarse,dej-
Dios,Dyus
dañarse,suwée-
jactarse,iiwejch we'we-
externo,áacjé
alegre,wétwét
abrir,pjande-
ensuciar,cjúuchji'j-
asesino,nasa icjsa
en medío de,"cshavyte, cshavysu, pyájte"
prender,yutj-
mono nocturno,wenze
cuidado,jypa'yacy
anunciar,pta'sh-
chupar caña,yu'y-
enjuagar,fyneecu'c-
racimo,pland pjapj
decir,ji-
borrachero,yash
guamo,afy tash
rendija,shish
carrizo,silli
primero,"nyafyte, cjué'y, yatste"
quitar sombrero,fíicunde-
a un lado de,pucate
año,aañu
"montón, montículo",muts
tener 'sensaciones' en el cuerpo,ñeese-
patear,swétj-
herir con golpes,npejcue-
hormiguero,cjá'ng yat
casarse,iimi'-
pezón,chu'ch letani
pestaña,yafy cjas
hacer gotear,caaquityi'j-
zafarse,"patee-, atsjute-, jypajnde-, yaatsjunde-"
"este, esta, esto",naa
desarraigarse,cjumbete-
día feriado,jycaase en
planchudo,tsep
medicina,yu'tse
emprender,puuquiwe-
dedo,cuse mush
beber lo ajeno,ntundy-
poner,acjicj-
cada día,een isa
intervenir,paanwe'we-
recurrir en alguna de las forma de protección,ya'nwewen'i
persona que cohabita con otro,npi'qui
flor,quite
mamá,mama
arrancar,"chucuende-, chuctende-"
prestar,pqui'j-
ahorrar,"fiina, finfiina-"
risa,shicani
apañar,pu'uwe-
quebrarse,"chcate-, upe-"
deshojar,átsja-
niño,"luuch, luuch pijts, luuchcué"
trenzado,ca'jyamni
ceniza,cjuuts
mudarse,muvijty-
echar ranas,shá'py-
reconocer,jiyu-
arete,tjú'wé ya'qui
chucha,chucha
enredar v.t),cya'ndu'j-
masticar,pe'tse-
igualar,caaja'nda'j-
agudo,"zunz, zunzcué"
respetar,respetaí-
honda,i'sutj
panderé,paandlé
temible,juuna'sa
garrote,fytú
"cernidor, cedazo",a'tsjanisa
parir,duu-
vientre,"tutyj, tutyj dyiite"
lejano,jyu'juwe'sh
medianoche,cuspyáj
"estar embarazada, encinta",nasa ji'pj-
paloma,tumb
blusa de lana,jypuuts atyj
hacer pasar por,caauycjéu'j-
dormido,"deeni, deeni úsa'"
mayores,tjé'jsawe'sh
lograr tocar,cpaajya'ndy-
desgranar,"cjaavi'ji-, cutyj shande-"
estrecho,pteenz
acariciar,"da'cj-, súcja'cja-"
cosechar,shunde-
deshojar,fycaach-
por favor,"meen..., nuu..."
salar,nenga'j-
adentro,"dyiite, dyiiga"
asno,ashnu
sí,úu
mascar coca,"ésh pe'tse-, ésh ú'we-"
empachar,cchiiwa'j-
teñir de negro,cjúchacj-
estar dormido,deeni ús-
hacer atajar,cyuupu'j-
acá,aysu
desatar,cjimb-
hacer quitar ruana,caycatsunde-
concuñada,u'y pyacj
alentado,wét fi'nzem'
caer rayo,cpi'sh quíj-
sacerdote,pal
fondo,yuc
faja,taw
montar,a'j-
dejar escapar,quiiyu'j-
endeudarse,yulu-
olor,putasá
ají,áwá
carne,chich
limpiarse,jycjúucj-
día siguiente,"cuscay, cuscus"
tender,"pume-, pus-, tende-"
macho,pijts
compartir tristeza de otro,"paaú'ne-, paayús-"
lindero,lllnderu
descendente,ji'j
enrojecerse,bej yuu-
puerco,cuchi
bailar,cu'j-
fuerte,chjáchja
en vano,cyul
tener dificultades,tjéyte ñuste fi'nze-
gobernador,Payaate ne'jue'sh
ella,"cyáa, tyáa"
hilo,ilu
abuelo,"tata wala, papa luí, niish, íishi"
baile,cu'ju
por la mañana,cusíi
piel,cja'ty
ayudar,"pu'chj-, pu'chji'ch-"
reunión de vocero(s) o representante(s) de abajo,Tas'te yuwe dukhsa pkhakhen'¡
confiadamente,shiingmée
vestido,atjni
antepasados,"yatsgawe'sh, manteywe'sh, ju'ngtjé'jwe'sh"
chichería,beca yat
hemorragia nasal,íts yachni
zanjón,yu'quits
casco,jimba vyllili
costoso,wala pa'gasa
vuelta,ta'ngu
hacer brincar,cuupjú'j-
ser llorón,shindyíi-
empeine,chinda pétyj
seguir ,"e'ste u'j-, e'ste yuj-"
suceder,ya'yuu-
tejido,umnisa
limpiar mugre,jychanzha-
pecho,chu'ch
muchacha,"luuch u'y, wesacué, wasacué"
redimir,jíi vit-
forzar,juuna' yuu-
oso,e'shavy
quitar,quis-
hospedarse,paandej-
agredir,nui-
fétido,cjáp
perjudicar,niipeetje'j-
robar,"peswée-, tse'-"
mochila,ya’ja
prender,"ipy quityáa-, ñiñi-"
criticar,nuywe'we-
alcanzar,cpajcy-
desprender,cja'tyinde-
echar los cimientos,caachinda'j-
trabajar,mjíi-
dorotea,chulfity
seso,pe'pe
cuñado,ntsu'm
cambiar,yu'ptjej-
ahumado,aj uweni
ensartar,ilu watsu-
inferior,achamée ew
dar asco,pyajtse-
flautista,cuvysá
apedrear(v.t),cuet wáatátáj-
malla,tsam ucje
punta,vits
prematuro,"iitee, iitey"
maizal,cutyj ej
cargar,tu's-
regocijarse,wecha-
tumba,pendani
aprender,piyáa-
capitán,cpiitan
moteado,fi'cue
abierto,pjanden i
cortarse,iiwajca-
baba,shna'na
atrasarse,jytéeyúu-
levantar chisme,yuwe quiis-
casi,dyíji
sacar sin permiso,ncuutyi'j-
pelea,puíini
lado,puca-
desagradar,pyajtse-
despertarse,yajcy-
nuevo,"u'se, u'sesa"
idioma páez,nasa yuwe
con,yacj
paz,úuste wét úswa'ja'
contestar,pas-
duro,wejy
estirar,zunzu-
romperse,"upe-, upeepe-"
pelo,dycjas
meter en,yu'amb-
espiar,peetjengu-
agacharse,"quityáa-, quitya'tya-"
muy,jande
desgarrar,"shú'wende-, shú'tende-"
herrero,tsam tut-sa
picar,tut-
poner en el cepo o horqueta,teelu'j-
filo,zec
meter,cupjat-
hartar,cuuta'j-
polvo,cytá'tujnd
cerumen,tjú'wé chica
asimismo,"tyá'wéy, cyá'wéy"
cruzarse en el camino,ptyijnde-
tibio,"bajy, wajwa"
metamorfosear,peecupy-
colgar,a'cy-
encogerse,spate-
apretar,"zuna'-, nuyzuna'-, tenz-, ptenz-"
acequia,yu'waca
apuñalar,"yaaja-, yáaja'ja-"
colerín,"cpunga'j wee, punga wee"
pregunta,paapéyni
temprano,"éeíi, cusíi"
viuda,ech u'y
corroído,inzú'ni
unir,"púpy-, yuutya-"
apellido,quiwe yase
chonta,chunda
tigrillo,"tyiclli, atall ech"
despejado,eena'
consolar,cviisha'j-
investigar,atyáj-
"cuanto, ¿cuánto?",macue
páramo,we'pe
muchísimo,seena' wala
comprender,jiyu-
por,-pa'ga
inyectar,inyección qui'p-
arder,bej-
ayer,"jú'na, ú'na"
blanquear,"chiime'j-, pchiime'j-"
perico plomo,echtel
crespo,shú'sh
flamear,cleechi'chi-
limón,llimún
marteja,wenze
ser padrino,neeney yuju-
prisa,dund
fique,bajts
pender,pé'tje-
chistoso,"chjacuesa, pjay"
hacer regalar,caapeesu'j-
descolgar,"cja'cj linde-, cja'cjtende-"
bendecir,bendecí-
eslabón,shlaapún
hacer caso,nwéese'j-
felicitar,wecha pu'chj-
desnudar,súupi'j-
conmigo,"andy yacj, ú'cue yacj"
compañero,pi'qui
endemoniado,"ech iiyanuinisa, ech luucu vitnisa"
maizal,shimb ej
suave,wajwa
garra,vyllili
fermentado,pus
hacer tragar,caycjéje'j-
horqueta,"shá'py, chjá'py"
coyuntura,findy
pareja,"peetam, ptam"
collar,wá'chja
hacer llevar,caatu'j
clueca,á'pysa
vomitar,"punga-, punga'nga-"
caspa,dyicy
prender,uwe-
"Artículo 330.De conformidad con la Constitución y las leyes, los territorios indígenas estarán gobernados por consejos conformados y reglamentados según los usos y costumbres de sus comunidades y ejercerán las siguientes funciones: 1. Velar por la aplicación de las normas legales sobre usos del suelo y poblamiento de susterritorios. 2. Diseñar las políticas y planes y programas de desarrollo económicos y social dentro de su territorio, en armonía con el Plan Nacional de Desarrollo. 3. Promover las inversiones públicas en sus territorios y velar por su debida ejecución. 4. Percibir y distribuir sus recursos. 5. Velar por la preservación de los recursos naturales. 6. Coordinar los programas y proyectos promovidos por las diferentes comunidades en su territorio. 7. Colaborar con el mantenimiento del orden público dentro de su territorio de acuerdo con instrucciones y disposiciones del Gobierno Nacional. 8. Representar a los territorios ante el Gobierno Nacional y las demás entidades a las cuales se integren, y 9. Las que les señalen la Constitución y la ley. Parágrafo: La explotación de los recursos naturales, en los territorios indígenas se hará sin desmedro de la integridad cultural, social y económica de las comunidades indígenas. En las decisiones que se adopten respecto de dicha explotación, el Gobierno propiciará la participación de los representantes de las respectivas comunidades.","F'i'n'i pe'la 330. Nasasa ikah kiwet'i', Yuwe Dukhsapwe's' pkhakhec'a ikahpu'n thegut'na, mantey úskiwe'n'i ha'da, Yuwe Dukhsawe's'a Ec Ne'hwe's'hu yuhsa weh'a's k'tey yuuya' K'awe's'a' úus ki'pu hi'pta: 1. kiwe's ew ipe'hwa'has's k'tey kyu'hu'wa'su thegna ipe'he hi'pta', naa ús kiwesu yat tuthapc'ahtepa h'uka. 2. Nasa itháasn'ite yahk'c'a ma'we peeh'tepa ipeyna, ús kiwete h'ukaysa c'háchawa'te nuyi'wa'ha's c'hab walate uta ma'we nuymahiwa' ústepa K'tey kaha'da'na. 3. Ús kiwete v'ua's kihysu weh' pehin'isu kaskhewu'wa'ha's thegna. 4. V'u'a's ipa'kana ewtecekhyuc'a kahat'na naa ús kiwete'. 5. Kiwe's ew ipe'hna, khic'a kihyc'a úsna K'at'i ákhwe'y thegu hi'pta'. 6. Ús kiwete c'habisa kihy mahiwa' yaak'n'i hi'ptepa k'ati puuk' kaha'dana úsu hip'ta'. 7. Ús kiwete yuwe suwekamen ewcehk uswa'te nuyi'n, c'hab walate npicthé'we's' kihy yuwe k'hwetetepa pu'c'hi hi'pta'. 8. Ús kiwe pa'kate Yuwe Duckhsa' tuuthe'wa' kasehtepa c'hab walate npicthé'we's' tas'te kasehna, maa ikah kiwe nwe's' di'psupa huthe hi'pta'. 9. Ec Ne'hwe's'hu yuhsa yuwe kihy pa'hactepa ih tehiyu Yuwe Dukhsa'. KU'TA: Kiwe n'is't'i k'awe nasa ks'av' kiwesu kuki'ya'pc'a' nasasa úskiwe'n'i's huuna suwme, nasa wala hi'pun'it'i suwme tekuki'. C'hab walate npicthé'we's'a' nasa walayakh ya'c'kkadewa' hi'p nasasatewe's Yuwe Dukhsat'i ih thegwa' hi'p tekmahi'."
harina,ú'wé
araña,tupa
poner arete,ya'qui-
clavo,claus
trenza,ca'jyam
extraer,qui'tj cutyi'j-
coatí,cátsa
brujo,"dyij yuusá, mestlu, tjé'j"
aborrecer(v.t),ajtse-
mandar cocer,caaíitse'j-
duro,sus
mal,ewmeesa
levantarse,quiitée-
retoño,ye'ch
moler caña,ñusha cu'nd-
untar,cu'nd-
carne pulpa,chich tujnd
mí a,ú'cue jíi
embarazada,nasa ji'pjsa
acortar,nuytuw-
raspar,"tupinde-, dyindy-"
consigo,"tyaa, yacj, cyaa, yacj"
muela del juicio,"tútsa, tsute wala"
entristecerse,yúsu-
resplandecer,zuntete-
infierno,infiernu
desfiladero,tcafy
desarmar,fyutsute-
reconciliar,yuwe ewúu-
pulpa,nish
hacer entretenerse,cviisu'j-
pagar deuda,yul ducj-
acabar con,nuyvitu-
poner la mano encina de,peequinze-
resbalar,"sla'tyi-, syu'tje-"
prestar ayuda,"cuse peequi'j-, cu'ta peequi'j-"
territorio de prominencia indígena,nasawe's' ks'av' kiwe
vestir,"cjyú'ju'j-, caatje'j-"
hacer montar a caballo,ca'ja'j
hacer dañar,csuuwu'j-
ser mezquino,"úshi'ndy- , sendy-"
para,jíl
cortarse,ya'spé'tj-
sentir dolor,yaaca-
callarse,shuuna' yuu-
sortija,sultyjica
hacer bailar,caacu'ju'j-
color claro,tsejctsejc
despegar,chaquijnde-
empujar,"cháty-, upacy-, upagacy-, upagaqui'cy"
hacer concebir,nasa cji'pju'j-
mandar cortar,caaspétje'j-
hembra,u'y
obscurecer,"shi'ndy-, nuychji'ndy-"
respirar,úusée-
esquivo,jamby
sombrero de hoja de caña,cjíij chwa'
ánima,taafiy
hecho,vitni
párpado,yafy cja'ty
desasíado,jytjaacue
mayor,neej
tristeza,"ñusu en, ñuswa'ja'"
cáscara,zits cja'ty
enfermo,átsá'sa
cerrar los ojos,yafya's upj-
tambor,cwéeta
atacar,cvis-
costura,catsni
techar,yat um-
hacer casarse,caaptamu'j-
saludar,wecháa-
despeñarse,pelu-
enojar,caaúuscha'j-
perderse,vitu-
tupido,tjutj
amante,pdeeu'y
guatín,"lanzh, ñu'py le'chcue"
dejar fermentar,cpuuse'j-
palabra,"yuwe, we'weni"
contraer una enfermedad,wee cnay-
chamón,túts
picotear,cda'ndaja-
cierto,isa
hacer llorar,ca'ne'j
hacer vender,caatyweyu'j-
sabana,ucue wala
hacer poner sombrero,caafícje'j-
caerse,saapajcy-
oreja,tjú'we
adivino,jyta'ñisa
papal,ca'ga ej
lavar,pcji'cj-
disolver,find-
varios,"cuj, cúj"
aguja,"ñunz, yujnz"
padre,ney
curar olla,peme'j-
huir ,"iyu-, úpj-"
fríjol cacha,"us tsep, us tapia"
abajo,"tashu, cjécjenaaju"
bajar,séj-
alto,"wala, jyu'j"
acogollar,culu-
paloma domesticada,taqui'ni tumb
insuficiente,ájmée
mandar hacer,cviitu'j
aquí,"ayte, ayga, aysu"
traer,"jyú-, jyúna pa'j-, pe'jna pa'j-"
hablar a favor,ju'ngu we'we-
molestamente,cuch
risueño,pshiica
libra,libra
mezquinar,úshi'ndy-
estar suspendido,belena u'p-
cerbatana,fytúupatj
postrero,nmejtewe'sh
león,shí'j
condimentar,peetje-
faltar,pejy-
voltear,tupy-
gente,nasa
aceptar,jypa'ga-
nalga,"yuc, yuc chich"
rastrojo,"epsa, scuutyj dyi'tj ej"
grato,wecha
estornudar,a'tyji'j-
amo,amu
peligroso,úucjúucja'
cola,menz
mirar,"tjeng-, tjengu'ngu-"
alguacil,"luasil, nuasel"
palpar,"jya'ndy-, jya'ndyi'ndyi-"
penetrar,peetjee-
en seco,tujmete
embotar,tut-
espina dorsal,tsinz dyi'tj
hacer sol,secúu
estar,ús-
víbora,ul weeswée
avisar,"pta'sh-, yuwe pta'sh-, pta'shi'sh-"
quedar,neeyúu-
idioma,yuwe
chocar con,puuty ijca-
autorizar,jycaaj-
muerte,"uu en, uuwa'j, uuni"
músico,cytala tucasa
al revés,ca'tu tupyrra
fuego,ipy
moler finito,"iiwees-, iiweesu's-"
animal silvestre,yu'cj ech
desabrido,shúu
nudillo,fitscu'ng
ascender,tejca-
llevar en el hombro o en los brazos,yacj-
sembrado de fique,bats ej
aprisa,dund
soplar candela con canuto,yutj-
con la mano,cuseju
dar a luz,jycuutyl'j-
vendedor,tyweysá
hacer llegar,cpa'ja'j
tener pereza,wa'l-
eructar ,tu'fy-
ponerse el sol,sec cjéj-
celebrar fiesta,"fiesta vit-, fiesta'j-, caascjéu'j-, yu'scjéw-"
formar grano,cha'cute-
ortiga,cjáas
criar,"nuytjé'j-, nuywala-"
rodear,cyaandu-
ser amado,iiwejndy-
es muy grato,wala wecha yuja'
escoplo,chang
más,"tjaacue, jytjaacue"
ser padrinos,cpu'nze'j-
aunque,"-rrava,-teva"
feroz,weeswée
trenzar,"ca'jyam-, tsú'ta'j-"
auyama,ape
mayordomo,yultumu
casa,yat
voz,we'weni
contar un relato,cuentu'j
surco,amb
dar rasquiña,yuuse'je-
desarmar,fyutsunde-
cresta,yacue
alambre,tsam wes
gargantilla,wá'chja
temprano en la noche,éeíi cus
quitarse,jycatsunde-
tronco,tá'sh
saciar,tyic-
amanecer,pe'te-
danta,jimba cjúch
coger,"uwe-, pu'uwe-"
hacerse mataduras,tupite-
hacer arrear,cyaatsqui'pu'j-
encabado,catashi'jni
planta,ze'nze
espalda,tsinz
descargar,spáash-
hacer recordar,caayaqui'j-
echar de menos,yajcy-
cuchara,"tucha'cy, cha'cy"
cansado,watyni
encerrar,cyuupj-
malgastar,psuw-
haberes de la tierra,Kiwe n'is'
sucio,cjúch
pariente,"nwe'sh, pwe'sh"
desvestir,"súupi'j-, túupi'j-"
atarraya,wendy ucje
expulsar,neeuu-
hambre,wéjé en
humedecer,tupjáa-
arrollar(v.t),tpand-
"ocupado, estar ocupado","tjéyte ús-, tjéyte ú'p-"
multiplicar,cúja-
pie,chinda
banca,pangu
resucitar,qui' ítyí vit-
echar hojas,yeetsu-
aprobar,"ewna jí-, ewa' j í-"
vena,"ee watse, ee wetse"
mucho,wala
analfabeto,léeya' jiimeesa
encontrar,pjiw-
cucarachero,meechica
golpear,pu'tata-
naranja,llima
pelón,dycjas much
"espigar, echar espigas",viitsu-
fermentar,pusúu-
aplaudir,cusega jypetyatya-
hace poco tiempo,tyachmée
pintado,bite
ensillar,"wa'ta'j-, wa’ta atyaj-"
naranjal,llima ej
hacer buen tiempo,en ewuu-
clavar,quitj-
maguey,sha'sh tu‘j
tranca,"atjni, jatjni"
fiscal,pescal
hacer brujerías,mestláa-
yaruma,"butse, butse tash"
choclo cocido,shúpy
ácido,pllana'
telaraña,tupapwejy
flauta,cuvy
lluvia,nus
alimento,ú-
hogar,peecy yat
verruga,wenze
sal,nenga
mejicano,peetjé
alfiler,putsu
viudo,ech pijts
"tanto, tan","tyacue, nacue"
congregarse,shambúu-
obediente,ew nwéese'jsa
carángano,chwatyj
desarraigar,cjumbe-
recién,"ách, áchrráa"
tierra lejana,jyu'j quiwe
sombra de una persona,pnaasa
enfermedad contagiosa,teega wee
hijo mayor,nchi'c ntjé'jsa
burbujear,bu'ch-
derrumbe,ejy u'cj
orgulloso,iiwejch
año pasado,jú'na aañu
higuillo,meeme
sollozar,jetu'tu-
hacer asar,caacjacje'j-
poseer,ji'pi-
toromonte,"turuc, buruc"
escoba,scuba
arena,"cuetmuse, muse"
trenza de cabuya,tsú'ta
desenfundar,jycuutyi'j-
lavar,tjetj-
con,-ju
mandar poner,caaqui'pu'j-
jigra tejida con agujas grandes,molta ya'ja
herido,"cpáyúuni, cpávitni"
desmenuzar,muuse'j-
causar pena,caytjame'j-
cráneo,jycuet dyi'tj
promover un asunto,peescatyjí'-
distribuir,tyundende-
sueño,"csha'w, deewéeni"
cazador,vicysa
sonar,"snda'nda-, sndaanda-"
peste,wee
repollo,tyjá'
zafar,"pajnde-, pandende-"
gancho,putsu
de tierra lejana,jyu'j quiwejuwe'sh
encenillo,tsute
haber temblor,"quiwe ése-, ejnd u'j-"
atascarse,zu'cy-
zamarro,smala
corteza,fytúu cja'ty
último,"nmej, nmejwe'sh"
hoja,éjyá ets
chicha de maíz,cjash yu'
hacer sentir incapaz,caashingu'j
transparente,"snene, sneene"
agitar,quéese'j-
cubrirse,yaanz-
"ese, esa","cyáa, tyáa"
conocer,jii-
y,vite'
hijo menor,nchi'c nuuchsa
lado opuesto,cute
empobrecerse,puuple yuu-
vaina,cja'ty
liso,lavy
cabra,capla
cardar,"cjas shunde-, cjaasu'j"
aparar,paatj
indígena guambiano,muuwe'sh
mecha,pchí'
ocultar,peenda-
marido,nmi'
jadear,úuse'se-
porque,"naa pa'ga, tyáa pa'ga, cyáa pa'ga"
acercarse,paautyáa-
llegar,"pa'j-, iipa'j-"
hacer resonar,caasyúyú'j-
pavo del monte,"finzh cjúch, finzh wala"
lana,cjas
desechar una acusación,"jycja'ctende-, jycja'cunde-"
mermar,"le'chi-, tuwúu-"
paja brava,pi'py
bejuco,"yaj, yu'cj wes"
reemplazo,pu'yacjsa
nombre,"yase, yese"
pisar,"a'cji'j-, waacji'cj-"
lo que ninguna persona puede obstaculizar,kimyuhpa yupwa' hipme
barretón,"paletún, pleetún"
consejo,yu'cypeeni
descoyuntar,flndy pang-
desparramarse,úshi-
hacer la permanencia en la luz,eena' eena' kafi'ze'n'i
corral,piisháa cyuupjni
pañolón,pa'chnisa
aguacate,ujtse
primogénito,"nyafyte luuch, ne'sh, ne'shtjé'j"
adelante,yatste
carbón,"chjá'chja, i py chjá'chja"
mandíbula,cmbamba
pulmón,"me'cy shú, me'cy shwawa"
calzones,calsun
fregado,echech
vestirse,is-
poner,cjicj-
ahumar,aj cshi'ta'j-
pepita,"ñiñ, ñiñcué"
pacunga,tcu'nz
alargarse,jyu'ja-
permitir hacer,cyú'ju'j-
ovillo,cjas wájyand
orden,jycaani
abeja,"shi'ndy, chji'ndy"
cruzar las piernas,chinda's pchat-
lastimarse,pang-
huésped,paandeesa
volverse perezoso,watycue yuu-
perdonar,peltunaí-
hacer golpear,quiica'j-
ahí,"cyte, cysu"
ponerse de pie,"tishi-, yuju-"
hacer nido,yaatu'j
hacer mermar,nuyúuchi-
vida,"ítyí fi'nzeni, ítyí fi'nzewa'j, fi'nzeni , fi'nzewa'j"
habla,we'weni
pecador,pcalsa
sin vergúenza en el alma,úuste thaamewa' hipme
casa de la minga,pi'cy yat
erizarse,shiina' yuu-
hablar mal,canzh we'we-
viche,chacha
coágulo,"ee cuet, ee lul"
sombrero de ramos,chúpy chwa'
un rato,úuchcue
amanecer,cjicjy-
sabroso,wét
mensajero,yuwee pta'shsa
convidar,"pi'cy-, jypi'cy-"
impedimento,yupsa
suegro,"nyu neytjé'j, cajcatjé'j, ncaacatjé'j"
desconocido,jiyunimeesa
aguacero,ñus wala
catarata,cjlse
cuero,cja'ty
barrer,pand-
adelantarse(v.r),fiyajts-
sufrir dolor,"pytjaa pang-, aca cnay-"
contentar,caywecha'j
atizar,"scatyjí'j-, peescatyjíj-"
gatear,wáyíi-
taladrar,swejnde-
anoche,jú'na cus
callado,"shuuna', viina'"
quienquiera,"quimva, maava"
mata de hongo,une tash
retoñar,culúu-
hacer fresco,finze yuu-
pecar,"ewmée yuu-, pcalte wete-"
enfrentar,pdyi'pu-
gorgojo,chica
trigo,scuutyj
ahora mismo,áchjíi
madrastra,njí'j npaasa
jigra de tejido flojo,cumby ya'ja
territorio de segunda división,e'ste tuden'i kiwe
rasurar,dyindy-
guineo,cneeyú
agarrar,pachíi-
pechanga,pchanga
cumbre,"tja'j vits, vits wala"
pueblo,"shamb, chjamb"
llanto,ú'ne pety cjacj
salir mazorcas,sñula-
habitante,u'psa
tercero,tecjtewe'sh
hermana con hermana,pyacj
lugar de nacimiento,upyni
hambre,wéjé
uvillo,shbu
envejecerse,"penzhíi-, tjé'je-"
anaranjado,lemlem bej
lunes,luñis
remojar,tuupja'j-
mentir,ishíi-
viviente,"ítyísa, fi'nzesa"
condenar,ewmeete nvijt-
caballete,yat cluu
tratar con severidad,juuna' yuu-
coral,ñavytu'c
idioma castellano,"wagás yuwe, llinu"
acompañar,pi'cyna u'j-
engordar,"caanishi'j-, cniishi'j-"
fruta,"ñun, ú'nisa"
madera,fytú
llave,yevi
aventar,cweejya'j-
sentir 'señas',"ta'ñi-, jyta'ñi-, pil ése-"
duelo,ñusu en
parto,nasate átsá'a-
rebosar,"uwu-, amby-"
tizón,ipy tyjic
matar,icj-
mando del pueblo,C'haba's ikahsa
devolver,caashwendu'j-
llama,ipy cleechi
precio,pa'ga
boca arriba,cjéetee
destructivo,pembasá
moneda fraccionaria,vyuu mush
negrecer,cjúchji-
abrigarse,"ya'patj-, cja'-"
humear,shi'ta-
rajarse,"ujcha-, pjate-, pjatete-"
amasar,masaí-
pasar lista,etste pa'ya-
despedazarse,shate-
halar,"wenzh-, wenzhi'nzhi-"
propio,"peecy, peecy jíi"
ponerse liso,lavy-
panza,tuty
hierro,tsam
componer,pjeu'j-
tú,"indy, i'cue, ijcha"
cocina,csina
insultar,"wéeshu-, iiwéeshu-"
rascadera,á'sh
alborotar,csuusu'j-
enseñanza,caapiya'jni
podrirse,"wa'wa-, chimby-, chiiwa'wa-"
joven,cna'sa
deudor,"yulusá, yulsá"
preparar,pjeu'j-
lastimarse,ya'cpá'yuu-
lograr,pejca ewuu-
disminuir,úuchi-
nombrado,yaasesa
mudar plumas,cjas umbu-
hoyo,cafy
traer,"nuyséj-, nuyquíj-"
hacer arder,nuybej-
temblar,yaya-
cabelludo,ya'dycjas
olor,wét putasá
dar de mamar,cchu'chu'j
despedazar,"pe'lande-, pe'ltende-"
mandar encender,caaqui'ta'j-
nombrar,qui'p-
fácil,tjéymée
soñar,csha'w-
poner falda,íis-
ponerse tieso,we'lli-
ahijada,"neeniisa, iicjala"
hacer cubrirse,caapá'chi'j-
agotarse,ujndy-
terciar,"pujnza-, jypunza-"
moreno,cjúch ji'j
apuntar,etste ásh-
extraño,fiy
cachete,pucacuet
sudar,pé'tsu-
estar ocupado,"tjéyte ús-, tjéyte u'p-"
regocijo,wecha en
semana,qui'su
capaz,ájsa
sentir cosquillas,yeele-
hacer desyerbar,cviisu'j
permitir oír,cwéese'j-
varias veces,cuj us
repetir,"peena-, peenana-"
plegar,sembu'j-
abdomen,tuty letya
permitir amanecer,nuype'te-
matón,piicje
patio,patyu
mandato,"caajni, jycaajni"
terrón,nenga cuet
dar hipo,que'shi'j-
cargar,yacj-
muchilero,útj
gustar,wendy-
enjalma,cjalma
apodo,shaacue yase
maíz común,cutyj bej
buscar,pacue-
ayuda,pu'chni
mal agüero,ée cjúch
demonio,ech
soso,shúu
criatura,luuch le'chcue
amarse mutuamente,puuty ya'peeygáj-
arruga,cue'nz
paraje de mariposas,smeme quits
eucalipto,ucalitu
saliente del vértice del techo,yat tjú'wé
vendido,tyweyni
tirar,újpa-
aglomerarse,iica'cana us-
hasta allí,cytee pa'j
deber,"ulu'j-, yuulu-"
sentir triste,ñus yajcy-
tragar,jycjée-
más,jwee
"Artículo 70. La cultura en sus diversas manifestaciones es fundamento de la nacionalidad. El Estado reconoce la igualdad y dignidad de todas las que conviven en el país. El Estado promoverá la investigación, la ciencia, el desarrollo y la difusión de los valores culturales de la Nación.","F'i'n'i pe'la 70. Mpakac'tepa úskiwe'n'it' isa C'Hab wala's teec'sana'wec'a úswa' pa'ha'. C'hab wala's ikahsa npicthé'a' maa úskiwe'n'it'ipa h'ukasat'ik Kukubyatewe's't'i' teec'sana'wec'a eh thegu', sa' K'asa maat'ipa nuyi'na ki' mte mtepa ktuthe'wa' hi'pa."
alguien,"maa, maava"
gallinazo,méewéjy
machete,"cchill wala, chill wala"
arbusto,éjyá
estregar,ja'll-
pardo,"tujme, tújme, cjúchcjúchdyi'"
dar calambre,sháacáj u'j-
hora,ora
cuesta abajo,pucycjé
hacer daño a una persona,ptjáawe-
quitar,pajnde-
trompo,"chunga, jande chunga"
esquilar,piisha cjas waca-
res,cla
cobertizo,quiwe pwa'
despojar,ncuusa'j-
rezar,lisáa-
hacer verano,"secúu-, ejnz yuu-"
rematar,peetsu'j-
hacer parar,cyuuju'j-
nuca,"tyjicj dyi'tj, tyjicj shbimby"
garganta,péty
hacer coser,caatsu'j-
inmortal,uuwa'jmée
gozar,wét u'ju-
persona sabia en leyes nombrada por las autoridades para hacerlas cumplir,Ec Ne'hwe's'su hiisa's k'tey kyu'hu'kan npicthé'we's ki'pn'i
andar atrás de,menzú-
cerrar la boca,iimujcue-
cicatriz,sñal
picadura,pinzh
ahuyentar,pajy-
lámpara,pqui'tanisa
dejar pasar,caascjeu'j-
hacer cubrir,cya'patje'j-
teñidero,shal
hacer barrer,cpandu'j-
tijereta,"uschi', menz shá'py"
cantar,mem-
subida,pucy
trepar,tejca-
yo,"andy, ú'cue"
crin,jimba dycjas
sentir incapaz,shiing-
recoger,"fiwúu-, pcjacj-"
segundo,e'nztewe'sh
sombrear,pshú'jú'-
rayado,"fi'j, pend, peendu'jni"
quedar libre,ewte neeyuu-
poderoso,"ájsa, ewusá, chjáchjasa"
descuidado,jypa'yajcymée
cardo,shic
medir,isa-
escampar,ñus píi-
ennegrecerse,cjúchji-
causar sed,cyú'wé'j-
cubrir,apj-
cargar,ípjy-
estómago,tuty
hace tiempo,tyach
palma de la mano,cuse pjapj
"ir, irse",u'j-
sin motivo,"í'née, í'nrráa"
hacer lavar la cara,caapchjí'ch'j-
amargar,yaja-
hacer cambiar,caayu'ptje'j-
gallinero,atall yat
hacerse responsable por otro,iipe'j
bienes,ji'pjuni
piedra,ú'cj cuet
diente,qui'tj
quemar,camb-
cuchillo,"cchill, chill"
silbar,"fi'fy-, fyu'fy-, fyu'fyu'ju-"
importante,walasa
dar sombra,pu'nze'j-
marchitar,fíi-
metal,tsam
apartarse,tyutée-
bulto,tamby
encomendar,neewe'we-
despertar,fíty-
cura,"pal, amo"
delgado,"tall, zunz, zunzcué"
hacer brillar,caacweetje'j-
hacer brotar,cbuucha'j-
moquear,ñutyji-
enfriar,finzée-
garabato,claapatu
fugarse,úpj-
cucaracha,sa'te
traer,"nuycáj-, nuycúj-"
paca,ñu'py wala
líquido,yu‘
grieta,shish
interno,dyiitewe'sh
recostarse,anzée-
cobija,"deepa'chni, plliisatu"
castellano,"wagás yuwe, llínu"
dejar bajo custodia de otro,caaiipe'je'j
hacer muescas,pinzhi'j
confrontar,iindyi'pu-
estar alentado,wét ús-
mandar comprar,cweeyu'j-
intestlno,meetu'j
forma de comportamiento que resulta de la permanencia en relación armónica con la naturaleza,Wet iiskiwe'n'i
yucal,"ña ej, yá ej"
pararse,"yuju-, tishi-"
huso,"cjas waga'te, dyi'tj waga'te"
homicida,nasa icjsa
estallar,újpa-
mes,a'te
río,yu'wala
hígado,me'cy
encontrarse con otro que viene de rumbo opuesto y pasar,pu'jycjéw-
hacer estallar,cáapa'j
"guardar dieta, o día de fiesta",qui's-
respiración,úuseni
perezoso,"watycue, watycuesa"
 muchedumbre,nasa kuhsa
dar volteretas,teepjute-
sumamente,iiméj
compadecer,peeygáj-
baile de la chucha,chucha cu'jni
florecer,quitée-
ave,vichacue
"huérfano, a",waccha
dondequiera,"mteeva, mtee mteeva"
argumentar,puiiwe'we-
regaño,ícy we'weni
tapa,apjáa
tocar,"tu'ca-, tu'caca-, tucaaca-. pu'tata-"
ciénaga,tyity wala
cidrayota,shwa'
vacilar,cuj yajcy-
padrastro,ney npaasa
niña,"luuch, luuch u'y, wasacué"
pulga,pá'pa
hacer vomitar,"caacpunga'j-, cpunga'j"
corteza,cja'ty
sin embargo,naasá
pesado,duj
enojo,úuschani
permitir destruir,caaiviitu'j-
mostrenco,iisawa'jnimée
domesticado,taqui'nisa
hacer obedecer,caanwéese'je'j
cafeto,twaatsec
ultraje,"wéeshuni, pcyuuwe'weni"
tener,ji'pj-
severamente,juuna'
marcar,sñal qui'p-
esquina,punza
mal,ewmée
claro,afy
torcerse,ta'ts-
antebrazo,cuse pil
voltear la cabeza,tswendu'ndu-
anzuelo,wendy ñujnz
nuera,ncuémiyú
conversar,puuty we'we-
poner,paatj-
vela,bela
hacer pagar,cdeewe'j-
negar,paaná-
arrugar,shú'sh-
hacer envolver,caayapu'j-
apuntar,jypey-
sudor,pé'ts
botar,"wáatáj-, wáatátáj-"
arco iris,cytúus
granizo,cuetumba
asunto de terreno,quiwe yuwe
mostrar,"caavya'j-, pta'sh- tywes-, ctjeengu'j-"
arremangar,tpand-
menear,"shwendúu-, shwendu'ndu-"
papá,tata
mirar,cuy-
celos,iipyáani
cobertizo,pwa'
alero,yat menz
hacer gritar,"cpeembe'j-, cweeyi'j-"
era,amb
ahorcarse,"jytjuuc-, ya'cy-"
despedirse,puuty tyutée-
lechuza,"cupe, tyi'fy"
parecido,"na'wé, na'wéy"
hombro,"cu'ta, bap, bamba"
necesidad,"peejini, jypeejini"
yerbatero,jyútj vissa
perico,chí'
sitio abandonado,fynu
residuo,"quijyasá, neeyúusá"
estar contento,"wechana ús-, wechana u'p-"
castigar,"cja'tya-, castigaí-"
bodoquera,fytúpatj
telar,aty tel
despreciado,yaatseni
templado,spajndspajnde
quejarse,"pembée-, túchj-"
permanecer,nes yuu-
tocar flauta,cuvy-
"potro, potranco",jimba luuch
mejilla,pucacuet
verde,tséy
hijo con el padre o la madre,pchi'c
dar vuelta alrededor de,jytandy-
búho,"cupe, tyi'fy"
pasar el tiempo,ya'fi'nze-
hoja,fytúu ets
tallo de maíz,shimb dyi'tj
tusa,"tymi, tywí"
desenjalmar,cjalma spajcy-
allanar,uucue'je-
tarro de guadua,mum tuca
echar la culpa,yuwe ucje'j-
gallina,"atall, atall u'y"
tesoro entrante de la Nación,C'hab wala kiwete pkhan'i v'u u'kasa
cebolla,spulla
arisco,jamby
mandar matar,quiicje'j-
lograr detener,cpaanewe-
cacique indígena,sa't
por la mitad,pyájúy
páramo,we'pe ñus
estrella,"á', á'mush"
labrar madera,ú'tsj-
en tiempo de luna,a'te weete
cada persona,nasa lisa
despulpar,cuñ-
hacer llover,"nus caapa'ja'j-, nus jyamby-"
sembrado de maní,quítj ej
hacer estrechar las manos,cusety cúusu'j
domesticar,caastyaja'j-
por la tarde,"fi'nzetste, cusutste"
cadáver,"uuni cacue, cacue cja'ty"
echar una clueca,cá'pji'j-
saludo,yuwe wecha
hacer bañar,cpéu'j-
páez,nasa
maíz sarazo,cutyj tupj
tripa,meetu'j
compromiso de ambas partes,puuk' k'tey yuuwa' hi'pun'i
silencio!,shuuna' me'p!
hacer olvidar,caapechcanu'j-
crudo,íqui
planta del pie,chinda pjapj
sapo,sap
encinta,nasa ji'pja'
inclusive,pety
húmedo,"tupj , le'le"
cuñada,ntyi'nsa
permitir llegar,caapa'ja'j-
comparar,caaja'nda'j-
ordeñar,cla's cu's-
hacer reunirse,caapcjaacje'j-
curva,ta'ngu
"como, ¿cómo?",na'wé
tempestad,ñus wejya dyi'j
hinchazón,tsu'vy
mitad,"pyájn, puuvyájn"
herido,cpáyúusa
chico,"le'ch, le'chcue"
hoja,ets
afta,yuwe wa'jy
rama,fytú cu'ta
juguetón,paypwesa
enfermedad,wee
"braza, brazada",cu'ta
comenzar,"tacj-, pú'tyj-"
"desprecio, con desprecio",ajtsajtse
borrachera,túu
quemarse,shavy-
brincar,"upj-, úpjúupj-"
zarza,cwendyimbu
"Artículo 30. Quien estuviere privado de su libertad, y creyere estarlo ilegalmente, tiene derecho a invocar ante cualquier autoridad judicial, en todo tiempo, por si o por interpuesta persona, el Habeas Corpus, el cual debe resolverse en el término de treinta y seis horas.","F'i'n'i pe'la 30. Maa nasat'pa yuuwemekit' k'aaphte' Habeas Corpuste pu'kithwa' hi'pa', peekima'kyuu, K'a'wemete' yuwe ipi'k'c'a; aca' Ec Ne'hwe's'su ikahsa' npicthé' ki'pn'isa' e'z eenc'a tekus ahate' yuwe's áate nv'itu hi'pta'."
quitar,"cusa'j- , ncuusa‘j-"
amontonar,"muutsu'j-, cluuvi'j-"
molestar,cuch we'we-
espiga,"viits, spiiga"
zanja,chamba
pantano,tyity wala
meter,ca'ga'j-
torcido,ta'ts
dejarse coger,iiwe-
carrizo,jaw
mayor,"tjé'jsa, ntjé'jsa"
cabuya,bajts
desyerbar,"vis-, súupi'j-"
marco del telar,catjwe'sh
Artículo 11. El derecho a la vida es inviolable. No habrá pena de muerte.,F'i'n'i pe'la 11. Kwe's'a' ít'i u'hu hi'ptha'w'. Kimyuhpa ikhya' ewuumena. Sa' kikhe'ya'pa ewuwa'mesa'. Ec Ne'hwe's'te' makwe yuuwetepa ikhkahacme'.
hacer endeudar,caayulu'j-
llorar,pshiindy-
ser,yuu-
pujar,"túchjáa-, túchji'chji-"
palo del telar,sacue
llevar terciado,pujnza-
hacer caso omiso,nwéese'jmée-
guadual,mum yu'cj
calambre,sháacáj
transformar,yu'ptjej-
yema de huevo,zits bej
cocer,íts-
a pie,"chindaj, chindarráa"
dejarse engañar,ya'gaña-
estar medio-colgado,becuena ús-
pesar,isa-
luciérnaga,"echtséy, cupjy, cupjipy"
uno tras otro,vitvite
"Artículo 17. Se prohiben la esclavitud, la servidumbre y la trata de seres humanos en todas sus formas.",F'i'n'i pe'la 17. Maa nasayuhpa's k'ultec'a kaselpi'wa'me' nasanwe's'a's ma'weteyuhpa.
condolerse,ñus pu'ch-
rejo,cja'tya
fuete,yaatul
hacer arrodillarse,caapéjyucue'j-
aguardiente,"wallinde, wellinda"
envejecerse,"íishi-, tjé'je-"
boda,"camba en, ptamu en"
tocar,"utsje-, utsje'tse-"
patrón,amu
hacer falta,"pejy-, jypejy-"
cargar,at-
aletear,a'pa'pja-
verdugo,pcyuusá
canturrear,tutu'tu-
(entidad territorial) territorio de mando de primera división,(Ikah kiwe) yacte t'uden'i kiwe
hacer mal,ewmée yúu-
tierra,quiwe
espíritu guardián,vitywe'sh
amor,"peeygámni, peeygáaweete, peeygáawa'j"
maullar,mish pembée-
cubrir,anz-
pensar,"yajcy-, úus yajcy-"
ocho,ocho
moco,ñuty
gente,"wagás, mushca"
algodón,wawa
papaya,payáa
torcer,"spund-, tspund-"
sentir,yajcy-
chlcao,shquiicy
establecido para permanecer en transparencia,date iiswa' v'itn'i
palo del telar,ñuwe
barbasco,"sé'j , cwéesé'j"
redondo,"tandy, jyand"
limpiar,"cjúcj-, nuyaate-"
caracol,shape
dar látigo,"ajwend-, ya'jwend-, pechujcue-"
luz,eena'
varón,pitstacy
sombrero,chwa'
pedido,péyni
ser burlado,ya'iweech-
podrido,"wa'wa, chimbyni"
muñeca,cuse pétyj
jugar,pweesa'j-
azúcar,suucal
hierba,"jyutj, jyútj"
hacer callar,"shuuna' vit-, shuuna' nvijt-"
menudo,mush
penca de cabuya,bats ets
diez,csemba
por,-su
rico,ji'pjsa
hilar,pund-
llamar,pa'ya-
hacer poner,ctyaaja'j-
derramarse,umbu-
brea,spiina'sa
empapar,pjach-
crecer,jyu'ja-
parar las orejas,tjú'wé's catj tyaj-
rozar,watsu-
morada,"u'pni, úsni"
correr brisa,wejya'jya-
sentir orgulloso,iiwejch yajcy-
cuarto,pajnztewe'sh
hacer sacar,caacutyi'j-
suficiente,áj
extranjero,"ecajuwe'sh, vite quiwejuwe'sh"
caja,cacja
vara,chunda
rellenar,yutaa-
útil,seelpisa
sebo,sepu
estar caído,weterra ús-
echar gotas,quityji-
morir,uu-
hijastro,nchi'c npaasa
poner nombre,yase-
saliva,fyne'sh
chiharra,"chawee, seccuet"
asustar,caáwashi'j-
desatar nudo,jyúcjwende-
encontrarse,puuty uy-
consultar,paapéjy-
agradecer,wecháa-
mandar callar,caashuuna'j-
erizar,"shinde-, shinde'nde-"
pantalones de liencillo,much
cabecera,dyictjé ju'ngu
enmohecerse,chuuma'ma-
absorber,chanzha-
soltar,tywete-
abono,shacue
padrino,"dyuus tata, neeney"
hombre,pitstjé'j
"territorio propio de poder, mando indígena",nasasa kiwe
engordarse,niishíi-(ñishi-)
curandero,"yu'tsesa, pilwe'sh, tjé'j yu'tsesa"
pasar,ctejca-
guardar silencio,"shuuna' ús-, shuuna' yuu-"
morir en lugar de otro,paauu-
vertical,quiitj
estar apretado,peetenzu-
oler,jyputá-
juntamente,ja'ndarraj
viajero,"u'jsa, u'jwa'jsa"
enrazada,tuya
jinete,a'jsa
tuétano,tuta'
"Artículo 287. Las entidades territoriales gozan de autonomía para la gestión de sus intereses, y dentro de los límites de la Constitución y la ley. En tal virtud tendrán los siguientes derechos: 1. Gobernarse por autoridades propias. 2. Ejercer las competencias que les correspondan. 3. Administrar los recursos y establecer los tributos necesarios para el cumplimiento de susfunciones. 4. Participar en las rentas nacionales.","F'i'n'i pe'la 287. Naa ikahwa' t'utedn'i kiwete' maa maapa peek' úushu yuuwa' hi'pta', K'awe's' ithásn'ite ma'we ipeyn'i ha'da, Ec Ne'hwe's' mtepa' ikah ha'da. K'a weh'ate na'we yuuwa' hi'pta' hí'k : 1. Peek' ne'hwe's'yakh ya'ikahna teús. 2. Kwekwe's ipa'kac'a' ne'hwe's'a' c'haba's k'tey yuuwa' hi'pta'. 3. Hi'pun'i ikahn'i kwekwetewe's't'i ew thegna, pkhakhn'i v'u u'kasa's ew kaselpina,K'tey K'tey yuuya' ya'tuduya'. 4. C'hab wala kiwete pkhakhn'i v'ua's ipa'kana."
hacer del gran trabajo para el fortalecimiento general,h'ukaysa ya'c'hác'hawa' mhi wala kuki'n'i
lejos,jyu'j
helecho,cwé'yá
ensordecer,much yuu-
maní,quítj
sangre,ee
meñique,cuse nuuch
arepa,wa'ts
cosechar,ujnde-
tener miedo,úucj-
lograr halar,cpaawenzh-
entender,jiyu-
renacuajo,taacy wendy
renuente,wa'lsa
madrugar,cusíi quiite-
encender,pqui'ta-
demostrar tener hambre,wéepang-
provocar,cvis-
dar de comer,"puuts-, puutsuts-, sájí"
este,sec cáani
ganar,cnay-
guala,sapete
ganado,cla
mujer,u'y
llaga,wá'jy
(cuerpo)poder del gran pueblo de un territorio grande,C'hab wala kiwete ikahsa
pulgar,cuse njí'j
maíz blanco,cutyj chijme
cavar cámara lateral para enterrar,pumba'j-
comilón,pú'we
palo,fytú
dar ataque,caywéchpa'ja'j-
anciano,tjé'j
puerta,vity
causar vivir,"caafi'nze'j-, cfi'nze'j-"
maldecir,cysew-
regar,peásh-
hablar distinto,fiy we'we-
destetar,chu'ch tyunde-
cuartilla,jimba chinda péty
guitarra,cytala
chillar,pembée-
rajarse,"shish-, shishi'shi-"
cordón,chu'nzhu
convivir,ij fi'nze-
"vano, en vano",cyul
juez,cjués
resultar,case'j-
barranco,peñacjé
adulto,tjé'jsa
pavesa,pchí'
honrar,tuutje'j-
recíprocamente,puuty
alfarero,mituj umsá
rata,unza wala
cambiar de aspecto,fiy yuu-
encargo,"paawe'weni, neecaawa'j"
avío,caame
ceñir,jytund-
cuatro,pajnz
orejudo,chúpy
abundar,pej na-
martingalvis,tsundefy
uva silvestre,camañún
hondo,"dyii, jyu'j"
vaina de fríjol,us cja'ty
fortalecerse,chjáchja-
peinar,quind-
aplastar,"wa'tsju-, wa'tsju'ju-"
roza,"wats, chimby ej"
acontecer,ya'yuu-
malo,"ewmeesa, canzh"
lulo,mutcue
ombligo,shamb
más,wejy
tener sed,yú'wéje-
ofrendar,pujnde-
golpe,icani
rasgar,"stende-, stendende-"
servir mutuamente,puuty ya'selpii-
hacer barro,tyiityi'j-
pecho,pechu
defensor,nwe'wesa
pequeño,"le'ch, le'chcué"
desinclinado,wa'lsa
enterrar,pendáa-
derretirse,"pquiivy-, yu'a-, yu'wa-"
alejarse,tyutée-
dos,e'nz
causar agriera,quichja'j-
bautizado,yasenisa
purificar,yate-
guadua,mujm
estar,u'p-
sufrir castigo,castigo cnay-
alejar,cutyi'j-
haber eclipse de sol,"sec uu-, sec shi'ndy-"
salvarse,ewte neeyúu-
astilla,fytúu pe'la
dolor,"aca, acasa"
hacer correr,cwuwu'j-
"suyos, suyas","cyáawe'sh jíi , tyáawe'sh jíi"
salir el sol,sec cáj-
zurdo,jembu cuseju
rodilla,jyúcuet
ahora,ách
parálisis,jyandu wee
mover,quéese'j-
desplomarse,atscue-
para ti,"indy jíi, i'cue jíi,"
freno,plenu
"ni siquiera, ni un poco",wej yujva
terreno,quiwe
retorcer,"tswend-, tswendu'ndu-"
o...o,ma'c yuu...ma'c yuu
inundar,ícj uta-
ensayar,isa-
chicha de caña,ñusha beca
filudo,"chújwa, chújwe"
dar paliza,"papa-, pecue-, pecue'cue-"
palma de la mano,cuse pjapj
entre,"cshavyte, cshavysu"
limpio,"ate, tsejc"
"Artículo 3. La soberanía reside exclusivamente en el pueblo, del cual emana el poder público. El pueblo la ejerce en forma directa o por medio de sus representantes, en los términos que la Constitución establece.","F'i'n'i pe'la 3. Nasa kuhsayu na'we c'ab wala kiwe kwekweyakh puuk' k'tey selpiwa'ha's itháasn'isa' naasa c'hab walayakhyuc'a ya'yu'skhewsa', naasa c'hab walayuc'ak ikahsa npicthe' kwekwepa's kac'hác'ha'ha' naapa'kate. Ma'wente ipu'kithwa' kasehte' nasa kuhyakhma'k ya'c'hác'ha k'a'we yuumec'a' npicthé'we's'yakhca'ma'k ya'yu'skhew napa ipu'kithya' ya'ewuna, ma'we ipeyn'i's."
tejedor,umsá
cocinar yerba,cujya-
preso,"preesu, jytundsa"
cuajar,lechi's cweeji'j-
traer,neejyúj-
sala,ñujne
poner huevos,duu-
atragantarse,"jytu'cj-, putu-"
vender,puuty ya'tywey-
trampa,acj
atajar,yup-
germinar,ñiñ acj-
puño,tut
por nosotros,cue'sh pa'gate
alegrar,wechwecha caayaqui'j-
mentira,íshiini
hongo,ujne
aventajar,puutejca-
libro,libru
encogerse,"le'chi-, úpj-, fiita-"
capar,cpuunu'j-
llevar,nuytandy-
fuera de,"eca, ecaj"
tusilla,shande
marca,iisawa'jni
antenoche,jú'na cuscjé
molestar,"cuch vit-, cuch yuu-"
pleito,puiini
plantarse,pu'quitj-
obsequiar,pees-
esponjarse,spápá
bonito,zhichcue
indígena pijao,pi'pyshavy
hacer caer,cweete'j-
fiebre,cacuesec
ser lavado,ya'pcji'cj-
hacer trabajar,cmaají'j-
dejar hervir,cambi'j-
casar,caamba'j-
casa con patio adentro,yat tul
desplumar,atall cjas ujnde-
comprometerse,pas-
escancel,shúwe'tj
siguiente,e'stewe'sh
hasta,-pcach
camino del andar armónico,Wét u'hun'i d'i'
mandar peinar,caaquindu'j-
contaminar,pta'nza'j-
dejar hervir,caaclala'j-
cubrirse,yaapj-
yerno,nduj
hacer creer,caacreí'j-
lengua de fuego,clech
gente que tiene costumbres diferentes,fiiy fiiy úiskiwe'n'i hi'psa nasa
empezar hervir,bu'ch-
desenvolver,"yapujnde-, yaptende-"
hacer demorar,caytéeyu'j
procurar,pa'pchu-
asfixiarse,úuspa'-
venta,tyweywa'j
hocico,cuchi íts
dar fruto,ñun-
aplanar,uucue'j-
chirriar,ziyaji-
contagioso,niipeetjesa
vejiga,su'stu'j
larva,buts
tobillo,chinda ca'ca
lograr escuchar,cpaawése'j-
hacer enfrentar,caapdyi'pu'j
tiempo,en
enriquecerse,ji'pjsa yuu-
remedio,yu'tse
"Artículo 43. La mujer y el hombre tienen iguales derechos y oportunidades. La mujer no podrá ser sometida a ninguna clase de discriminación. Durante el embarazo y después del parto gozará de especial asistencia y protección del Estado, y recibirá de este subsidio alimentario si entonces estuviere desempleada o desamparada. El Estado apoyará de manera especial a la mujer cabeza de familia.","F'i'n'i pe'la 43. Kulubyate' u'ymakyuu, picthé'ma'kyuuna' ha'dac'ac'a fi'zewa' hipta'. U'ya's kimyhupa e'skhe nv'itu hi'pmeta'. Tut'hte nasa hi'ppa'kac'a e'skhe nv'ihtwa'me, nasa's hi'putepa le'c'kwesa's thé'sa' wala ew thegwa' úsa'; aca' nmi' hi'pmec'a, mhipa hi'pmete' c'hab wala's ikahsa ú'wa'ha's usu hi'pa' hí'k, c'hab wala's thegsa' u'ya's nmeh ew thegwa' hi'pta'."
cansarse,wajty-
disfrazar,taachin yuu-
grueso,tyjityj
hacer cortar,caatwaca'j-
desprenderse,atsjute-
ser condenado,ewmeete neeyúu-
altar hecho de oro,vyuu bee altal
cucharón,ejwa
medicinar,yu'tse'j-
venir,ew pa'j-
cucarrón,ta'nda
vello,cjas
a favor de,ju'ngu
limpiar café,café vis-
absceso,cuw
asunto de terrenos,quiwe yuwe
mundo,quiwe jyuca
permitir buscar,cpaacue'j-
Nuestro Salvador,cue'shtyi nwe'wesa
cortarse,jypejcue-
poner,aqui'p-
lanudo,cjastjé'j
mandar alimentar,caapuutsu'j-
asiento,cachni
gotera,tsund
día final,nmej ente
puente,wej
hacer cantar,cmeemu'j-
tarabita,"dund yaj, tund yaj"
inclinarse,quitje-
serranía,vitssu
largo,jyu'j
taparse el rostro,yaapj-
escama,wendy cja'ty
hemorragia,"eeswee, cacue yu'"
frío,finze
pasajero,"scjéwsa, scjéwwa'jsa"
dejarse quitar,jycuusa'j-
gente,nasa we'wesa
epidemia,wee
hacer peinar,caaquindu'j-
oxidarse,baytu'c-
orgullo,"iiwejch we'weni, iiwejch yaacyni"
chachafruto,uswa'l
angosto,zunz
peine,quind
plata,vyuu chijme
flauta,"sende cuvy, tsjende cuvy"
al lado de,"pucate, pucasu, ju'ng"
echar,"amb-, ambu'mb-"
amañarse,styáj-
enemigo,atsesa
altasara,anayún
yerba medicinal,"shúulape, shuulepja, shúuwa'c, shúuwe'tj, shúuyu'tscavy"
territorio de un pueblo grande,C'hab wala kiwe
acalorarse,yacha-
cosquilloso,yeletjé'j
"centro, en el centro de",pyájte
abonar,shaacue'j-
tener,úucj-
penoso,tjamejy
toro,tulu
pájaro,"vichacue, vijcha"
"a prisa, de prisa",dund yuj
volverse pardo,shumáa-
condimento,peetjenisa
bañarse,jypéw-
baile de la boda,uwe cu'jni
toser,pjája-
hacer amarrar,caytundu'j-
bajar,spajcy-
padres,tatawe'sh
hijo,nchi'c
molido,ú'cjni
germen,úus
anochecer,shi'ndy-
desgajar,"shapijnde-, shpindende-"
cueva,cafy
trueno,cpi'sh
incomodarse,úuscha yajcy-
lobo,alum
cocido,íitse'jni
preñada,tuya
dejarse alcanzar,ya'cpajcy-
aliento,úuseweete
parásito,pcha'cy
callar,shuuna' vit-
cantar,atall we'we-
andas,aandas
cepillar,ú'tsj-
pecarí,quiwe cuchi
carate,claatyi
engañar,"íshíi-, cjalma tyaj-"
lloviznar,nus umbu'mbu-
sobrar,tjaacue-
mojado,"le'le, tyity, túupja'ñi"
cruz,cluus
mocho,much
hacia,"ca't, ca'tu"
mano derecha,patsu cuse
frotar,shúsh-
quitar tiempo,ptyinde-
poner enjalma,cjalma tyaj-
estar enfermo,"átsa'na ús-, úuya' ús-"
lograr recomendar,cpaaneewe'we-
rasgar,"sunde-, sundende-"
alegrarse,wechwecha yajcy-
y,"sa‘, atsa'"
hamaca,luuch deeñi wej
arrugarse,"chu'nzhu-, cue'nzhi-"
pene,"iw, chull"
trabajador,mjíisa
neblina,táapj
mugido,tút
contar,isa-
paliza,pecueni
horizontal,pesatj
familia,yattewe'sh
cargar,ya'tyaj-
comer,ú'-
inmoralidad,canzh yuuni
mientras,-pcachja'
censurar,ícywe'we-
alma,úus
demorar,"iiéepyaj-, yéepyáj-"
ampollar,"bish-, shcambish-"
chupar,chanzha-
permitir contestar,cpaasu'j-
espesar,wata-
almohada,peendyiqui
ala de sombrero,chwa' ets
hacer estanque,íicja'j
verdaderamente,íshiimée
domingo,qui'sen
lamer,tech-
ayunar,yúuna-
vulva,cush
palpitar,úus úpjúpj-
ala,"fyu cu'ta, jyu cu'ta"
poner,tyaj-
ojo de agua,yu'íts
apretar,ptjuc-
corto ,tuw
estar renuente,wa'l-
libro mayor de poder,Ikahsa Ec Ne'hwe's'
compadre,cmbale
caro,wala pa'ga
deshincharse,cpatée-
miel de caña,ñusha mil
quebrada,quits
chicharrón,chalun
deficiente,ájmeesa
inmenso,iiméj wala
vez,us
sacar,cutyi'j-
desengarzarse,yaatsjunde-
comprado,weyní
ocupar,cseelpi'j-
mandar avisar,caapta'shi'j-
regar,pcamb-
costo,pa'ga
freír,cviitj-
fruncir,"cue'nzhu-, cue'nzu-"
húmero,cu'ta dyi'tj
desprender,atsjunde-
enfermo,átsá'
hundirse,jypendáa-
ralo,cash
defenderse,iindeewe-
mediodía,éepyáj
cerca,upj
charco,ícj
hacer derretir,caapquivi'j
gobernador,"ne'jue'sh, tutjensa"
espeso,"wata, fitse"
mirar,"pagay-, pagayu'yu-"
achicar,nuyle'chi-
mandar dar látigo,caapechucue'j-
congelar,cuet yuu-
librar,ewte nvijt-
dar fruto,tsut-
crujir los dientes,qui'tjtyi csuusu'j-
guía,pe'jna u'jsa
anguilla,pichga
hidropesía,tsu'vy wee
biznieta,jweete ntsun
hacer servir,"cselpi'j-, caaselpi'j"
cargar,ctu'se'j-
echar,acj-
guagua,ñu'py wala
hacer,"vit-, yúu-"
anillo,sultyjica
por qué?,"mjíte, mjíya, quíj yuupa'ga"
sepultar,penda-
ser dejado,ya'neeyúu-
hacer tropezar,"cy'chavi'j-, caayu'spétje'j-, cyu'spétje'j-"
echar suertes,suerte caaj-
fosa nasal,íts cafy
padrinos,cpu'nzesawe'sh
dorarse,wat-
hacer mentir,caaíshi'j
tabaco,"wájy, wéjy"
casamiento,"camba en, ptamu en"
pelear,puii-
fornicador,pdeepits
hechizar,cne's
causar pereza,cwa'lu'j-
doblar,tpejng-
pilar,plaaí-
maldición,cysew we'weni
jigra de colores,ya'ja bite
viento,wejya
hacer abrir,caapjande'j-
probar,isa-
guambiano,muuwe'sh
afuera,"eca, ecate"
mandar guardar dieta,caaqui'su'j-
gallo,atall pijts
cesar,tujnd-
atento,eena'
sopa,cujya
iluminar,cweetj-
quebrar,"ujnd-, unduund-"
ronco,"pétyj se'seni, pétyj apjani, pétyj ujndy"
negro,cjúch
apretar,cytemúu-
cercar,tulu'j-
lleno,uta
malla,tumb ucje
desensillar,wa'ta spajcy-
dejar,nvijt-
bautizar,yase-
apagar,fichja-
cobijarse,pa'ch-
calentar,aacha'j-
olvidarse,ya'pechcanu-
musgo,wa'cj
obscuro,"shi'ndy, chji'ndy"
mora,tsiun
mañana,"cuscay, cuscus"
ultrajar,"wéeshu-, pcyuuwe'we-"
formar tumor,cuwúu-
plática,puuty we'weni
fríjol,us tandy
"nombramiento del mandatario por escogencia general, toma de una idea con la opinión de todos","nasa kuh úushu npicthé' ki'pn'i, h'ukaysa we'wen'ihu yuwe teec' hwedsac'a kuki'n'i"
cabildo,cabildo
difunto,uunsá
hoz,usa
amargo,yaj
burlar,pshi'nd-
pisco,shpiipí
impartir,cu'w-
ladrar,vijcy-
agriarse,pus-
culpable,yuuwesa
cocer,íitse'j-
guarapo,ñusha beca
tumor,cuw
sentir pesar,pytjaa yajcy-
madrugada,"chji'ndytey, wala cusíi"
rebajar,nuycjéj-
gorrión,tyuj
mitad de semana,qui'spyáj
bisabuela,mama lula
chlguaco,slluj
sanco,nenga cjash
linaje,ji'j
hincharse,tsu'vy-
entristecer,cyúusu'j-
lamentar,ñus we'we-
despacio,"tujnd, tujndtujnd"
zancudo,apj
ardilla,shuma
junto,ij
hacer dar vuelta,"caata'ngu'j- , cta'ngu'j-"
Creador,cue'shtyi taqui'sa
"cualquier, cualquiera",maava
decir,"cyá'ji-, tyá'ji-"
mascar,pe'tse-
suspirar,úusdyi'j-
nada,quíj yujva
hacer beber,caatundyi'j-
vómito,punga
descansar,"caase-, jycaase-"
regresar,"shawend-, shawendu'ndu-"
valiente,úus chjáchjasa
camisa,cmiisa
fracturar,"shcajnde-, shcandende-"
Artículo 19. Se garantiza la libertad de cultos. Toda persona tiene derecho a profesar libremente su religión y a difundirla en forma individual o colectiva. Todas las confesiones religiosas e iglesias son igualmente libres ante la ley.,"F'i'n'i pe'la 19. Maa nasapa kihyte úusa's ya'newe'wen'i hi'puwéc'a hi'puwa'c'a', nasa úskiwe'n'itema'kyuu, napa naa Kulubya kiwete' ma's hiyuc'a u'hac'a' hwe pta's'ya' ewuna teec' teec'ma'kyuu meec'a' kuhsat'i. Úusa's ya'newe'wen'isa maama'kyuu napa Ec Ne'hwe's' d'i'pte' k'ana'wec'ac'ata'."
cuello,tyjicj
dar sabor,peetje-
tomar,"ntundy-, nuutundy-"
atravesar,"ctejca-, uycjéw-"
ser castigado,ya'castigaí-
almud,almun
tapar,apj-
orilla,puts
seis,teesacy
soplador,yutjáa
cocer maíz con ceniza,plaaíi-
esposo,nyu
nublarse,táapjúu-
hace mucho tiempo,tyach
dulce,ñusha
escopeta,"úpatel, scupeta"
permitir fermentar,nuypusu-
no,mee-
sarna,chandy
alargar,nuyjyu'ja-
varón,pitstjé'j
savia,fytúu yu'
vado,yu'pets
fatigar,cwaatyi'j-
verano,"ejnz, enz en, sec en"
lombriz,shá'wé
vena yugular,pétyj watse
conejo,cájpy
maíz pirá,cutyj mush
costilla,tamby
atrasar,caytéeyu'j-
pasear,pasiáa-
dañar,suw-
fabricar vasijas de barro,mityj um-
taza,tasa
jurar,juraí-
carne espumosa,shba'mb
componerse,ewúu-
inclinar,quíitsju-
mellizo,mellisu
ojo,yafy
secretamente,paatste
revolcarse,peluulu-
relatar,cuentu'j-
remendar,"pa'cj-, pjulaí-"
saíno,yu'cj cuchi
portarse mal,fiy yúu-
flaco,"tall, íchj"
pellizcar,wátsja-
hender,petsete-
rancho,wa'
cabello,dycjas
salvar,"nwe'we-, ewte nvijt-"
queso,quisu
lana escarmenada,cjas pjapj
responsabilizarse,iipe'j-
cuenta,"yul, yuul"
tío,yúucue
boca,yuwe
llevar,"pe'jrra u'j-, jyúna u'j-"
derribar,ujca-
hermano,"ndyiy, ndyi'sh"
claro de huevo,zits chijme
escarbar,"apj-, cha'mbu'mb-, wuw-"
suponer,súj-
incompleto,ájmée
pecado,pcal
herida,cpá
tuyo,iindy jíi
aliviar,nuycase-
culpa,yuuwe
azul claro,tséytséy chijme
llorar,ú'ne-
antorcha,ipy pqui'tani
permitir pasar el día,nuyfi'nze-
hacer sombra,iipshú'j-
siervo,selpisá
hielo,yu'cuet
curíbano,ulñi'ñ
sonar,susu-
hacer masticar,caawa'qui'j-
curuba,ñauñú
hacer pelear,caapui'j-
pedir,"tjás-, péjy-, pe'w-"
extender los brazos,tsja'ya-
oler,putáa-
cojear,lengu-
corriente,"ejme, ejmejme"
cobertizo,yat pwa'
agradable,ñuspa'
cuidar,tjeng-
pobre,puuple
sacudir,"yajta-, ya'tata-"
enorgullecerse,iiwejch yajcy-
dejar robar,caapeswe'j-
blando,lupe
defecar,úch-
"verbena, escoba babosa",pchanga
imagen,piisanisa
cancionero,mem ets
tristemente,"ñusñus, yúsyús"
hacer sentarse,caachji'j-
encorvado,tuñ
"derecha, a la derecha","patste, patsu"
becerro,claa luuch
en la mano,cúsete
tijeras,ptenzúu
hacer pan,panu'j-
arracacha,á's
pajonal,"ñunda, yunda"
jefe,npiitstjé'j
salvia,jyutcjamb
permitir enterrar,caapenda'j-
caña brava,cjíj
dar bofetada,"pejtya-, petyaatya-"
contento,wechana
brasa,chjá'chja
hacer pedazos,"petsate-, petstende-, petstete-"
"mí, mis","andy, ú'cue"
gorgorearse,chicáa-
"colorado, rojo",bej
chamuscar,cnzeevy-
adelantar,yatsqui'p-
esperar,úytjas-
caballo,jimba
"borde, al borde de",putste
gemir,"túchj-, túchji'chji-"
hace poco,tyachmée
"de, desde","-ju,-u,-uj"
"poco, poquito","wej, wejcué"
bailador,cu'jsa
escupir,"avy-, avytjetj-"
semana pasada,"jú'na qui'su, ú'na qui'su"
obscuridad,"shi'ndy wala, chji'ndy wala"
azuzar,cvis-
barsino,palsin
terrible,seena'
niñez,luuchíi
reclinar,anzée-
caber,cjéj-
subir,nuytejca-
Artículo 7. El Estado reconoce y protege la diversidad étnica y cultural de la Nación colombiana.,"F'i'n'i pe'la 7. Naa Kulubyate Ec Ne'hwe's'a' maa nasapa úuskiwe'n'i f'iiy f'iiy hi'psa nasat'pa K'ana'wec'ac'a ha'data' híc'ak nwe'we', naa Kulubya kiwetewe's't'i."
cocinar,"aj-, íitse'j-, mityjaj-"
pero,"nava, napa"
hacer estornudar,ca'tyji'ji-
Artículo 10. El castellano es el idioma oficial de Colombia. Las lenguas y dialectos de los grupos étnicos son también oficiales en sus territorios. La enseñanza que se imparta en las comunidades con tradiciones lingiísticas propias será bilíngue.,F'i'n'i pe'la 10. Waas yuwe' Kulubyate nasa h'ukaysahi'. Napa nasa kiweka' kwe's' yuwe' k'a'weysaic'a'. Naa nasasa c'habsu' e'z yuewetey kapiya'wa'ha'.
pensar mal,"fiy yajcy-, ewmée yajcy-"
maíz en grano,cutyj cjavy
fallecer uno de la familia,shatée-
ponerse colorado,bej yuu-
practicar brujería,dyij yuu-
tener vástago,shá'py-
planta medicinal,bu'ch
oído,tjú'wé cafy
mambear,"ésh u'we-, ésh wa'cy-, ésh pe'tse-"
dar,úsu-
uno por uno,teech teech
enfilarse,sende'nde-
siete,siete
enganchar,jypujts-
colgante,lepja
suicidarse,ya'icj-
lo que no se puede quitar por deuda,yuulpa'ka ukhe'wa' hi'pmesa
verter,squijw-
"ellos, ellas",tyáawe'sh
pensamiento,úus yaacyni
coger,pach-
apurarse,tundúu-
regar,"púsh-, pujmb-, pumbuumbu-"
participar en la molienda,paaú'cj-
así,"na'wé, tya'wé, cyá'wé"
usado,iijyúnisa
ruido,susni
voluntad,jytjáasni
dedo,vyllill
macana,quita
molleja,shúcy
jigra de lana,cjas ya'ja
choclo,tsut
vaciar,jyaw-
mío,andy jíi
hija con el padre o la madre,pniisa
apisonar,tjetjée
hoja,ets
trillar,ujca-
trapo,"bell, trapu"
guama,afy
endurecerse,weji-
juntar,"pcjacj-, utya-"
rajar,"pétsju-, pétsjutsju-"
blancuzco,chijmchijme
agonizar,ape-
rendir,pejna-
desenfrenar,frenu's pajnde-
anteayer,"ú'nacjé, jú'nacjé"
acompañar,paau'j-
pegar,"ujca-, uca'ca-"
echar a perder,vitu-
agredir,"pcyuu-, puuty ya'pcyuu-"
hacer sanar,caywétu'j
manteca,mdeegá
complacer,wecha-
difícil,tjéy
lugar de habitación,u'pni
tanto,"tyanzue, manzcue"
hacer encargo,neecaj-
hermano con hermano,pyacj
pelusa de maíz,cutyj cjas
abuela,"mama wala, mama lula, neepenzh"
tener sueño,deewéje-
dormilón,denzh
manco,cuse much
madurar,íitsúu-
roto,suteni
arco,taty
manso,"styáanisa, maasu"
mandar sentarse,caatywete'j-
rehusar dar o gastar,peevisha-
a ver,aan
hacer poner,caypatje'j-
higuerón,chavytúu
lograr capujar,"cpaachaty-, cpaaupacy-"
resfriarse,acj pa'j-
desprenderse,cja'tyite-
poner inclinado,caanze'j-(queenze'j-)
nube,táapj
dorado,vyuu bee
raíz de árbol,fytúu watse
hiel,wájy
langosta,cjá'sh
urdir,pcamb-
volar,fyuj-
cabello rizado,dycjas shú'sh
conciliar,caapuutywe'we'j-
ligero,"acha, acha acha"
Vía Láctea,á'mush
perdonar,puuty ya'peltunaí-
orar,Dyus yacj puuty we'we-
tomar preso,preesu'j-
renovar,pju'se'j-
piojo,és
fama,tuutje'jni
contaminación,pta'nz
nueve,nueve
páez,nasa yuwe
escarcha,ée cytá'
cuidar de,paatjeng-
estar desocupado,"tjeytemée ús-, tjéytemée u'p-"
desagradable,wétmée
venado,chavy
emprestar,pqui'j-
zapato,spaatu
ignorante,jiimeesa
cordón umbilical,shamb wes
plata,vyu
asado,cjacjnisa
tocar,"jya'ndy-, jya'ndyi'ndy-"
rato,tundte
cosechar,ú' pcjacj-
macana,"acy, a'cjy"
comprador,weysá
borrar,cjúcj-
alcalde,alcalte
castaño,cjúchcjúch bej
defender,nwe'we-
hacer gastar,caagastaí'j-
mote,mutyi
hacer enfermar,cáatsa'j
con la mano,cuseju
guarapo,ñusha beca pus
arañar,pachíi-
sapo pequeño,tsunz
tronar,"cpi'sh we'we-, cpi'sh sus-"
aullar,"pembée-, ú'ne-"
tambalearse,"waca'ca-, atscue-, tjuja'ja-"
ardor,acha
pasar,pesaja-
siempre,bagachteva
violento,juuna'
arrodillarse,peejyúcue-
tallo de flor de cabuya,shá'shtu'j
lugar,aj
agrandar,nuywala-
cepo,tel
sed,yú'wéeni
aliso,pinzú
arrendar,arendaí-
hacer extender los brazos,ctsja'jya'j-
ladrón,peswée
tía,"peeyúucue, njí'yacue"
relámpago,cpi'sh cuejne-
pata,chinda
revolver,davy-
"volver claro, aclarar",tsalli-
enfermarse,átsá'-
andamio,bush
maduro,"íits, tjé'j"
insinuar,pa'jywe'we-
aliviarse,case-
sembrado de maní,quítj ej
contigo,"indy, yacj, i'cue, yacj"
vergonzoso,"tjame yuj , tjaampa', paytjame'"
partir,"pe'lande-, pe'ltende-"
vejez,"íishweete, penzhweete"
territorio de mando del pueblo,c'hab ikah kiwe
girar,tandyíi-
dar remedio,yu'tse'je-
rodar,"pelu-, peíuulu-"
asociarse con,"ca'ndu-, nuuqui-"
adelgazar,peetsu'j-
arrancar,chucuete-
trozar,"twajca-, twaaca'ca-"
monte,yu'cj
lanza,we'tj
"quien, ¿quién?",quim
líder,nuy i'nsa
hacer toser,cpjája'j-
posar,cach-
embijar,biite'j-
escarbar,vyllillíi-
encargar,paawe'we-
hacer ganar,caacnayu'j-
puntal,cpu'quitje'jwa'jsa
anciana,penzh
apestar,canzh putáa-
borrador,cjúcju
roncha,buta
sacar muesca,petyi'j-
maleza,jyútj
trozo,pe'la
fornicadora,pdeeu'y
agua,yu‘
pasar de un lado a otro,uycjéw-
caer,wete-
salir,case'j-
favorecer,ju'ngu yuu-
vencer,cnay-
viejo,tyachwe'sh
pisotear,waacji'cji'j-
bayo cariblanco,payu pjeelu
soltero,nyu ji'pjmeesa
habitar,u'pu-
atrás,"e'su, e'ste"
indigno(adj),"ájmeesa, ájmeecuesa"
escogido,tyjityjnisa
gotear,"sund, quityji-"
horno,julnu
teja,tecja
al principio,"nyafíi, nyafiitey"
viejo,mell
agujerear,swejnde-
servir comida,"pa'cy-, pa'qui'cy-, puuts-, puutsuts-"
hacer bajar,caysá'ja'j-
caspl,"chandy, dyí'tjemby"
montaña,vits wala
agujero,cafy
hacer reconciliar,caayuwewu'j-
cántaro,yu'mity
acabar,pemba-
ablandar,"luupe'j-, nuylupe-"
volverse agua,"yu'a-, yu'wa-"
carne de res,claa chich
entrar,"u'ca-, ne'ca-"
ponerse tupido,tjutjúu-
semilla,fiw
estar colgado,a'cyni u'p-
recto,"cu'le, sut"
correr,wuwúu-
visible,vyaasa
padecer,"fytjaa yuu-, pa'ga yuu-"
sonrojarse,beecáj-
rociar,pé'tsjutsj-
hacer escupir,caavi'j
coger lo ajeno,npach-
espantoso,"úucjúucj, úucjúucjsa"
guerrillero,yu'cj nasa
corcovear,vitu'tu-
gracias,"wechuung, wechuui'cue"
lengua,tjune
Artículo 18. Se garantiza la libertad de conciencia. Nadie será molestado por razón de sus convicciones o creencias ni compelido a revelarlas ni obligado a actuar contra su conciencia,F'i'n'i pe'la 18. Nasa' peek' úuste ma'we yaak'n'i' yuuwemesa'. Kimyuhapa kihysu pekhakhena u'hupa'ka huunayuu pkhakh kaakwede'n'i u'hu hi'pme'.
temblar,quiwe ése-
apetecible,ñuspa'
pegarse a,nuqui-
quijada,cmbamba dyi'tj
chinche del árbol,buu
opacar,tu' vi-
moler,lu'l-
sentarse,"cach-, pish-"
flojo,"lash, lacy, zuuna'mée"
atado,tund
maíz capio,cutyj wajwa
entregarse,ya'ducj-
"levantar fama, crear fama",tutje-
centella,quiwendawa
pasto,pastu
entonces,"tyajú', cyajú'"
tierra fría,finze quiwe
inútil,seelpimeesa
afligirse,ñusu-
Intervenir,cpaawe'we-
hoy,ách
candelilla,"cupjy, ipy cjúch, ech cupjy"
costado,tamby
pálido,chijme yuuni
romperse,"sute-, sute'te-"
mudo,we'weya' ájasamée
zorro,sulu
rojizo,ipy ñiñ
frailejón,"és ets, we'pe és"
pagar,dewe-
hacer unir,caaviitse'j-
azul subido,cjúchcjúch tséy
hacer poner en el cepo,caatelu'j-
iluminación,cweetjnisa
subir,"tejca-, iitejca-, iictejca-"
dar vuelta,tandy-
estiércol,ime
panela,dulse
calmar,caycase'j-
colina,vits
vivo,ítyí
cangrejo,wáca
cinturón,jytundnisa
amero,fycach
postrado,peecy tuty
del todo,jyucate
pasado mañana,vite cuscuscjé
estar desalentado,fiycáj-
obrero,mjíisa
extrañarse,"fiyuu-, fiyu'yu-"
desangrarse,yachi-
tuerto,yafy puuple
totuma,tuca
menos,ájmée
"colibrí, esmeralda","e'ts, e'tscué"
horqueta,cuchi tel
sanar,nuycatyji-
oveja,piishá
creer,súj-
español,wagás yuwe
hacer rayas,peendu'j-
cerrado,apjni
aguado,"enzh, shul'"
músico,cuvytewe'sh
arrimar,cuutya'j-
"nosotros, nosotras",cue'sh
coger rastro,"jyputa, jyputa'ta-"
enfriar,fiinze'j-
hacer entregar,cduucje'j
mandatario(s) del territorio del pueblo grande,C'hab wala kiwete npicthé'
odiar mutuamente,puuty yaatse-
sarapanga,pá'cj
hacer contar,quiisa'j-
pernoctar,paandej-
romana,isani
dedo cordial,cuse úus
piedra,cuet
ayuno,yúunani
rana,sap le'chcue
mico,micu
vistazo oblicuo,yafy menzu
mortal,uuwa'jsa
"persona que lleva la palabra, mensaje",Yuwe Dukhsa
mata de caña brava,cjíij tash
hablar con desprecio,atsewe'we-
caer encina de,acaach-
meter debajo de,yu'ásh-
espantapájaros,cnaasa'
menospreciar,"ajtse-, dyí'wéje-"
resplandor,zmeena'
día festivo,fiesta en
columpiar,tsuvy-
bobo,ul
uno tras otro,vit vite
hermana,npe'sh
paralítico,éseya' ájasamée
cada,iisa
chicha,beca
enfadarse,cha'cy-
hongo,meshish
acostar,cdeeje'j-
tejer,um-
guiar,nuyi'j-
chlsmear,íshiina nuywe'we-
poner sobre el hombro,jypeecypacy-
rabiarse,puuty pyúuscue-
lo perteneciente a los descendientes,zuunwe's'hi nenyusa
maltrato,pcyuuni
desear,"jytjaas-, wéje-"
escrito,fi'jni
maraca,"smacja, sñuñu"
caudal,yu'cháchá
roer,tutúu-
a la izquierda,"jembte, jembu"
tallar,piisa-
batata,útj
fingir ser partidario de,menzu-
fino,ewsa
demorar,"jytjéeyuu-, tyachi-"
amarrar,"tund-, tundund-"
salida del sol,sec cájatste
hacer tener pereza,cwa'lu'j-
entrada,u'cani
pinto,shlala
hacer rodar,cpeelu'j-
despajar,spjamb-
plato,bich
lograr llevar,cpaanicy-
junta de entidades territoriales,ikah kiwepwe's yu't'an'i
hipo,e'sh
piusa,vichacue cjas
sobra,"quijya, pe'ya"
llevar,"tu's-, tú's-"
aparte,"fii, fiite"
hechicería,dyij yuuní
gemir,pembée-
viajar,dyi'j u'j-
imitar,shi'nd-
después,e'su
guardar,jyaw-
pus,tucj
barriga,tuty
chiflar,"ufy-, ufyjiifi-"
culebra,ul
dedo pulgar,cuse njí'j
coger,at-
sediento,yú'wéesa
cogollo,cul
escarabajo,ta'nda
jornalero,"cnaysá, piun"
ser temible,ya'úucj-
hueco,quiwe pwa'
hacer arrancar,caacjumbe'j-
poder,"aja-, ewuu-, chjáchja-"
suelo,quiwe
caja dental,cacja
calavera,uusá jycuet dyi'tj
sonarse las narices,píitsju-
culpar,ucje'j-
recordar,"yajcy-, úusutje-"
menstruar,cacue yu' vyaa-
candela,ipy
fríjol,us
suegra,"nyu njí'j, ntsuuts"
cielo,"cielu, ée tséy"
regalar,"pees-, peesu's-"
tuya,"i'cue jíi, ijcha jíi"
esposo(m),nmi'
exprimir,cu's-
hacedor,vitsa
médico,yu'tsesa
ayudante,pu'chsa
cintura,jytund yaj
doler,"aca yuu-, aca pa'j-, yaaca-"
calabazo,squijw tuca
arrastrar,"wenzh-, wenzhi'nzh-"
pedazo,"pe'la, pe'lacue"
sembrado,uutjash
él,"cyáa, tyáa"
"bola, forma de",jyú'nzh
peña,ejy
rodar,tandyíi-
concuñado,pits pyacj
encorvarse,tuñi-
torcaz,"quiwe tumb, yu'cj tumb"
hermano,nyacj
"primero, primeramente",cjué'y
ataúd,taul
persuadir,"tywe'we-, yu'cywe'we-"
lograr entender,cpaacyjiyu-
alcanzar,cája-
cercar,upjáa-
fracturar,jypang-
"cuanto, ¿cuánto?","manz, manzcué"
"nuestro, nuestra","cue'sh, cue'shjíi"
madeja de lana,cjas pjapj
secar,andyi'j-
sobre,"cajcue, cuejcue"
vender,tywey-
muchacho,"luuch pijts, pitscué, cué"
charlar,twéeji-
desgarrarse,"shú'tete-, shú'wete-"
mandar saludos,yuwe wecha caaj-
despreciar,"ajtse-, atseyajcy-, weech-"
azul,tséy
tirar,"wáatáj-, wáatátáj-"
encarar,pdyi'pu-
bañar,cpeu'j-
sol,"sec, tacycue"
loco,luucu
"Artículo 24. Todo colombiano, con las limitaciones que establezca la ley, tiene derecho a circular libremente por el territorio nacional, a entrar y salir de él, y a permanecer y residenciarse en Colombia.","F'i'n'i pe'la 24. Kulubya kiwete' maa nasapa pekuhna fi'zewa' hi'pa' ki' kasehna, ki u'kana ; mte fi'zeya' yuhuwec'a'pa yuhuwa'. Mte kiwesupa Pekuhn'i's Ec Ne'hwe's'hu yuhsa yuweyu pt'ihdeme ha'dayu'."
algo,quíjva
casar,caaimi'j-
hechicero,dyij yuusá
acusar,ewmée yuwe ús-
"potra, potranca",jimba luuch
ceñirse,ya'jytund-
probar,"yajpe-, yapeepe-"
murmurar,"susmée we'we-, we'wewe-"
aire,wejya
breve,jyu'jmeecue
resucitar,qui' ítyí yuu-
hablar en voz baja,susmée we'we-
echar espigas,viits-
gato,mish
derecho,cu'le
pico,pica
índice,cuse vijya
fortalecer,cchjáachja'j-
apretarse,pteenzúu-
contagiar,neesu-niipeetje-
hacer encontrarse,caapuutyuyu'j
ponerse grave,tjacuee-
malla,ucje
cavar zanja,chamba'j-
cohabitar,ij fi'nze-
indígena andaquí,daaquí
tres,tecj
ojo de aguja,"yunz cafy, ñunz cafy"
adueñarse,"yamu-, iiyamii-"
chumbe,taw
pues,"-vacy,-va'cy"
en reunión donde todos ponen de su corazón,pkhakhe'c'a úuski'pn'isu
ser madrina,neenjí'j yuju-
templar,"sgajnde-, spandende-"
persuadir,neevisha-
reunión,pcjaacjeni
hacer subir,caateca'j
sentir,ye'tsje-
callo,iindeweni
"cual, ¿cuál?",maa
dedo del pie,"chinda vyllill, chinda vi'y a"
enojarse,puuty úuscha-
hacer extraer muela,qui'tj caacutyi'j
sacristán,sangistan
platanal,pland ej
atar,tund-
tarde,"fi'nze, cusni"
alegría,wecha yuja
dividir,tyujnde-
abanicar,cweejya'j-
todavía,nee
carrizo,pel
no en vano,cyulmée
andar,u'ju-
fiera,"ech, yu'cj ech"
gritar,wayíi-
reventar,"sute-, sute'te-"
déspota,ya'úucjsa
rodear,cytandy-
mercado,mercau
amarillento,atatelem
parpadear,upja'pja-
invisible,yafyte vyaasamée
paja,tsjítsj
grave,tjacue
puntiagudo,"chújwa, chújwe"
partidario,ju'ngusa
crucificar,cluuscjé fyuts-
al revés,"fiiju , ca'tu tupyrra"
dedo de la mano,"cuse vyllill, cuse vi'ya"
hervido,cbajy
confiar en,chjáchja yajcy-
ambos,e'nzíi
temblor,"ejnd u'jni- , quiwe éseni"
calabacita,tjee
grueso,"chal, lepjy"
curtir,cja'ty cu'nd-
juguetear,"vis-, visu's-"
lomo de machete,meetjacue
causar tristeza,cyúusu'j-
caña de azúcar,ñusha
moverse,"ése-, ése'se-"
peor,tjacue
nevado,"yandy, ñandy"
carpintero,"anza, fytúu pagayú"
cobijar,cpa'chi'j-
paludismo,yaawee
quejarse,páatyjí'cj-
creyente,Dyusa's yaacysa
gordo,nish
cobertizo,cuet pwa'
pelar los dientes,anzh-
hacer tener,cji'pju'j
engañarse,ya'jypumba-
rechazar,weechi-
mandar razón,yuwe caaj-
dar rejo,cja'tya-
hacer pensar,caaúusutje'j-
hacer confrontar,caacndyi'pu'j-
pegajoso,spiina'
embotado,tut
estar desnivelado,tjujarra ús-
ciruela silvestre,tsunde
hacer calor,acha yuu-
legaña,yafy chic
basura,cytá'
hasta mañana,cuscaypcach
creer,creí-
descoyuntar,"fillunde-, fillute-"
rama,éjya cu'ta
Artículo 8. Es obligación del Estado y de las personas proteger las riquezas culturales y naturales de la Nación.,"F'i'n'i pe'la 8. Naa Kulubyate npicthé'we's'ma't'yuu , maa nasama't'yuu napa h'ukaysa; maa maasahi úskiwe'n'imat'yuu, naa kiwete kihy kihypa ústa'; k'at'i' nwe'wena, ipe'hna f'i'ze hiptha'w."
arrayán,tyjíte
hacer cosquillas,"lechíi-, quele'j-, cleechi'j-"
urraca,ulchic
abuelo o abuela con nieto o nieta,ptsun
embarrar,tyity ambu-
crecer,yu'cja-
poner gotas,quityji'tyji-
agrio,tyji'mb
hueso,dyi'tj
abollar,cuétya-
lejía,cjuuts yu'
huarango,mushclé
sobaco,punza cafy
remedar,shi'nd-
esparcir,púsh-
pedernal,"pety cuet, ipy cutyi'jni cuet"
derrotar,e'scjé nvijt-
cazar,vijcy-
baile de la chucha,chucha cu'jni
hasta ahora,áchpcach
alinear,cu'le'j-
tímido,"paaúucjsa, paayúucjsa"
quinto,tajtstewe'sh
soltera,"nmi' ji'pjmeesa, imi'meesa"
mambe,cuetand
colmillo,efy
menor,"e'stewe'sh, nuuch, nuuchsa"
desmontar,"sa'j-, jysa'j-"
yuca,"ña, yá"
calabazo,cwetand tuca
espejo,speeju
café,café
servir,selpíi-
hierbabuena,putatyjá'
"Artículo 246. Las autoridades de los pueblos indígenas podrán ejercer funciones jurisdiccionales dentro de su ámbito territorial, de conformidad con sus propias normas y procedimientos, siempre que no sean contrarios a la Constitución y leyes de la República. La ley establecerá las formas de coordinación de esra jurisdicción especial con el sistema judicial nacional.","F'i'n'i pe'la 246. Nasasa ne'hwe's'a' pee'k' ús kiwete' peek' úuste nasat' ipe'hna úsu hi'pta', ma'we nasa ipe'n'i hi'pya'c'a' nasat'i k'tey yuuna k'aisa áate ipehna; ikahsa Ec Ne'hwe's'tewe's't'i tas'te nvihtme ha'dayu'. Sa' Ec Ne'hwe's'hu yuhsa yuwe' nasasa ne'hwe's'pwe's'a' puuk' ha'da yuuna f'i'zewa'ha's vituna."
dejar crecer el pelo,cjyu'ja'j-
causar dolor,"aca ús-, caaca'j-"
poco a poco,tujndtujnd
corredor,"yat pwa', cneetul"
"erizo, puerco espín",tjuw
dar un paso,"chavy-, chavi'vi'-"
salto de agua,"qui'na, qui'na wala"
maizal,cutyj dyi'tj ej
arreciar,nus chjáchja-
salvador,nwe'wesa
blanco,chijme
"torcer, ponerse torcido",ta'tsu'j-
"donde, adonde, ¿dónde?, ¿adonde?","mtee, mgaa"
noticia,yuwe
secarse,ujndy-
ver,"uy-, tjeng-"
brotar,bucha-
alacrán,usmity
echar huso-,cshi’ta'j-
desigual,ja'ndamée
"oriente, este",sec cáani
luna,a'te
alabar,tuutje'j-
molino,milinu
columna vertebral,tsinz zec
grillo,cjá'sh le'ch
leer en voz alta,sus léei-
aconsejar,yu'cypej-
casarse,iiyuu-
teta,chu'ch
barba,yuwe cjas
parecer,na'wé tjeng-
fin,nmej
chlspa,"pchí', ipy pchí'"
cerrar,apj-
blanco,"wagás, mushca"
lo no adueñable por poseer durante bastante tiempo,K'ac'h ipe'hwete iamuwa'mesa
por,pa'gate
revés,tupy
hacer cargar,cyaacje'j-
manejo de las cosas ahorrables,fiin fiin ipe'hn'isa
anaco,"atyj tul, is atyj"
dos veces,e'nz us
hacer basura,cytá'ja'j-
calle,clliicjun
disgustarse ,yajtse-
desengañar,cjalma spajcy-
trabar,atsju-
hacer arrimar,caanze'j-
puesto del sol,sec cjéjetste
ceja,yafy cjas
vía,dyi'j
bautizo,yaseni
manantial,yu'íts
volverse mezquino,sendy yuu-
activo,"dyijca, catyj"
sábado,sápatu
bañarse,péw-
distinto,fiy
hallar,uy-
"Artículo 44. Son derechos fundamentales de los niños: la vida, la integridad física, la salud y la seguridad social, la alimentación equilibrada, su nombre y nacionalidad, tener una familia y no ser separados de ella, el cuidado y amor, la educación y la cultura, la recreación y la libre expresión de su opinión. Serán protegidos contra toda forma de abandono, violencia física o moral, secuestro, venta, abuso sexual, explotación laboral o económica y trabajos riesgosos. Gozarán también de los demás derechos consagrados en la Constitución, en las leyes y en los tratados internacionales ratificados por Colombia.La familia, la sociedad y el Estado tienen la obligación de asistir y proteger al niño para garantizar su desarrollo armónico e integral y el ejercicio pleno de sus derechos. Cualquier persona puede exigir de la autoridad competente su cumplimiento y la sanción de los infractores. Los derechos de los niños prevalecen sobre los derechos de los demás.","F'i'n'i pe'la 44. Kulubyate' maa luuc'pa's nmeh ew thegna nuythé'wa' úsa'. Naa Kulubyatewe's'c'ame k'a'wecehk f'i'zewa' hi'pta': ít'i f'i'zewa' hi'p; pk'un'ime; kát'h u'huwa', ew puucn'i: kiwe yase hi'p; mtewe's'ma'kyuu sa' k'ah' c'hab hi'p; nwe's' tas'hu t'udewa'me; wátan'ime; úskiwe'n'i hi'p ; v'isn'i, pwese'n'i hi'p; ma'we úus huthetepa we'we hi'pta'; kwekwete, úustepa ewmeyuun'ime u'huwa'sa'; suthc'a ulpeyme; k'waypame; nuuwepame, k'uulte kmahi'n'ime; kpa'yuwa'su kmahi'me. Nwe's'we's', nasa wala, c'hab wala's thegsapa h'ukay luuc't'i' paanwe'we hi'pta'. Luuc'a' wétte walaana Káhya' ewukan, thé'na kabac'a' nasnasa f'i'zewa'ha's hi'pukan. Luuc'a's ewme yuucte uyc'a' maa nasama'kyuu napa ne'hwe's' tas'te paat'hi'kya' ewuna. Ec Ne'hwe's'a' maatepa ithaakwe luuc'a's pu'ze'na úsa'."
ida,"u'jwa'j, u'jni"
lo que otra persona no puede apoderarse,v'ite iamuwa' hi'pmesa
patimocho,chinda much
murciélago,cjítse
tener hambre,wéje-
suelto,tyweteni
oler,wét putáa-
librarse,"jycja'ctende-, jycja'cunde-"
abanico,cweejya'jni
dormilón,tsúvy
cuesta arriba,pucyte
hacer eructar,ctu'fi'j
grande,"wala, majcy"
rojo,bej
mal tratar,pcyuu-
huerta,"walta, tul"
retener,newe-
cabecear,quitje'tje-
manejo de bienes de muchas personas,nasa kuh hi'pun'it' i'pe'hn'i
tía con sobrino o sobrina,pnjí'yacue
olvidar,pechcanu-
fondo de la olla,mityj yuc
calcañar,tásh
ponedora,duusá
sacudir,cáwújw-
lavar las manos,cweecháa-
(espacio) donde se reunen los representantes de arriba,"éete Yuwe Dukhsawe's"" pkhakhen'i"
cuchichear,susmée we'we-
deuda,yul
grano,cjavy
niña del ojo,yafy dyus
perdiz,fi'l
campo de coca,ésh ej
"izquierdo, a",jemb-
loro,well
equivocarse,jypumba-
llenar,yuuta-
reprender,"ícy-, ícywe'we-"
bosque,yu'cj
roncar,tjá'tja-
cojo,leng
despejar,"atée-, táapj atée-"
"adonde, ¿adonde?","mtee, mcaa, mdyi i, msuu"
endurecer,"cweeji'j-, cwe'lli'j-"
agarrar,uwe-
ladear,"tjuja-, tjuja'ja-"
fontanela,"yutyi, jycuet yutyi"
hasta mañana,"cuscaypcach, cuscuspcach"
agutí,ñu'py le'chcué
rápido,"tund, dund"
tratarse como parientes,nwe'sh we'we-
pegar,petya-
hacha,am
rincón,yat punza
laurel de cera,sela
adiós!,"u'tj; me'j, me'jwe"
dinero,vyu
varicela,butswee wajwa
alzar,ambu'ju-
muslo,ji'mbe
yegua,jimba u'y
potrero,manga
látigo,chu'nzhu
hacer mazamorra,cjashi'j-
finca,mjíi ej
acercarse,utyáa-
repetidamente,peena
coto,péty shiwa
cavar,cafi'j-
quieto,ésemée
alistar,pjeu'j-
dificultad,tjéysa
cilantro,me'sucue
regarse,úshi-
librarse,ya'nwe'we-
urdimbre,pcambnisa
separarse,tyute-
ser llamado,ya'yaase-
seco,ujndy
sacar,cashish-
señalar,"pta'sh-, vijya-"
viejo,"íish, íishcué"
tocar,tujca-
tío con sobrino o sobrina,pcaaca
dorso de la mano,cuse meetjacue
cobrar,yuul péjy-
mazamorra,cjash
platicar,puuty we'we-
ser nombrado,ya'cysus-
encomienda,neewe'weni
dejar pasar,caacjéu'j-
arroz,luus
hacer arepa,wa'tsju'j-
camino de herradura,jimba dyi'j
bocio,péty shiwa
vigilar,paatjeng-
sacudir,"sajcue-, sacueecue-"
animal,niimal
"abajo, hacia abajo",-cjé
vincularse en las Corporaciones Públicas,ikahn'i kwewesu ucheena
pelear,puuty puii-
vermífugo,shá'wé yu'tse
casa en forma de L,yat ta'ng
pagar,paandewe-
ladear,tupy-
suspender,cbeele'j-
llovizna,"nus muse, nus wajwa, nus cu'ch"
dueño,namu
espina,tsjútsj
enojarse,"úusacha-, úuscha-"
pollo,atall luuch
esconderse,jysúutj-
entregarse voluntariamente,paaya'ducj-
tulpa,ipy cuet
nigua,quima
quejarse,yuwe ús-
matriz,tutyte nasa u'pni
telar,taw tel
desenredar,cjlmb-
caldo,nenga yu'
sonreír,"wejcue shijca-, anzu-, anzu'nzu-"
solo,-rráa
gozo,wechwecha
poner,atyaj-
detrás,e'scjé
pasado mañana,"vite enejé, vite cuscay"
enjalmar,cjalma tyaj-
astillarse,petsjate-
delante de,tashte
triste,"ñus, yús"
construir,tyaj-
nativo,aygawe'sh
inflamarse,tu'c-
cuesta,pucy
ahogarse,caambutsj-
ansia,cpunga'j wéeni
cosechar café,café ujnde-
haba,apas
nido de pájaro,vichacue yat
nunca,"bagach yujva, uca"
detenerse,ya'ctishi-
chuleo,"cuetpúts, vyuutyjá'"
causar sombra,"pshú'ju-, caapshú'j u'j-"
anca,jimba ji'mbe
tener amistad,namicu yuu-
campo,mjíi ej
asunto,yuwe
cortado,much
ola,yu'túchjasá
ponerse liviano,ésee-
favor de…,"meen..., nuu..."
hablar,we'we-
levantar,quiis-
ser agredido,ya'ptjáawe-
ser semejante a,na'wé tjeng-
enderezar,cu'le'j-
lagartija,"lawéch, quiwellill"
cincho,pland sinzha
abajeño,cjécjenaasuwe'sh
"Artículo 2. Son fines esenciales del Estado: servir a la comunidad, promover la prosperidad general y garantizar la efectividad de los principios, derechos y deberes consagrados en la Constitución; facilitar la participación de todos en las decisiones que los afecta en la vida económica, política, administrativa y cultural de la Nación; defender la independencia nacional, mantener la integridad territorial y asegurar la convivencia pacífica y la vigencia de un orden justo.","F'i'n'i pe'la 2. Naa c'hab wala kiwete npicthé'we's'a' nasa hu'ghu ya'yaak'n'i's K'tey yuuna h'ukaysat'i nwe'we hi'pta': c'hab wala h'ukay wét úskiwe'n'isuma'kyuu, h'ukaysahitewe's'ma'kyuu, ipeyni'ma't'yuu, pkhakhec'a úus ki'pn'isuma'kyuu, kwe's' kusesu f'iin f'iin atn'i't'ima't'yuu, naa c'hab wala kiwete kimyuhpa v'ite c'hab wala kiwehuwe's' kuc' akac'hwa' hi'pme, c'hab wala kiwe'pa's ya'c'kadwa' hi'pme, puuk' ewkwe fi'zewa'ha's neesna, mpakac'htepa' áate úswa'ha's. ít'i fi'zen'isu, nasa's, kimyuhpa f'iika tektuthe'me, sa' nasaisa hi'pun'it'imakyuu, mantey úskiwe'n'itewe's't'i yahk'c'a k'tey yuun'it'i, kihypa yuuwemesate ma'wepa yuuwa'ha's, ku'le u'hun'i's kimyuhpa pt'hiden'ime u'huwa' hi'p. K'aha' k'a npicthé'we's'a' naa weh'a's puuk' k'tey kyu'hu'wa'sata': c'hab wala kwekwetewe's'ma'kyuu nasaisahítewe's'ma'kyuu napa h'uka. Nasa walat'i selpiina, h'ukaysa c'hác'hawa'te nuyi'na, yacteyyu ya'yaak'n'i's pu'ze'na, npicthé'we's'a' ikahsa Ec Ne'hwe's'te we'wen'i's selpiwa'sata'."
raya,pend
inspector,cleecytul
quejoso,yuwe ússa
partera,"tuty jya'ndysa, nasa spaacysa"
ninguno,maa yujva
mata de aguacate,utse tash
fleco,wése
gusano,"wes, ucj, ú'shic"
"lago, laguna",ícj wala
escurrir,yu' susúu-
caer una gotera,quityj i'tyji-
criar,jype'j-
fortalecer,nuychjáchja-
flotar,enda-
ganar,vyuu cnay-
rascar,yuse'j-
enloquecer,luucu vit-
asar,"wendy-, peeygáj-"
trama,pacjé
morado,cjúch bejbej
permitir tocar,cjya'ndyi'j-
lechero,fychacha
cumbrera de la casa,yat cluu
hacer perdonar,caapeltunaí'j-
centellear,cjicji'cji'j-
tábano,jimba apj
asomar,jweelu-
hacer zumbar,cmbu'mbu'j-
ventear,wejyáa-
desclavar,"fyutstende-, fyutsunde-"
consuegro,ncumbale
permitir hablar,cwe'we'j-
señora,"siyula, u'sha"
zurrón,slun
usar,"iijyúu-, cseelpi'j-"
perder,iviit-
igual,"ja'nda, fiymée"
uña,vyllill
rayo,"pi'sh, cpi'sh, amwe'sh, ipywe'sh, éegatjé'j"
oro,vyuu bej
gobernante,jycaajsa
leve,wejcue
canuto,patj
equivocación,jypumbani
"o, ó","meerra', meerrava"
excremento,ime
inocente,yuuwemeesa
encubrir,yuwe's apj-
martes,maltyis
calvo,dyictjé súpy
hacer mirar,ctjengu'j
descalzo,spaatu ji'pjmée
repartir,"tyujnde-, tyundende-"
leer,léeí-
fracturar,"shcate-, shcate'te-"
pelado,"súpy, tupy"
tinieblas,"shi'ndy, chji'ndy"
al fin,nmejte
riñón,us
cosechar,waca-
hacinar,muutsu'j-
hacer bien,ew yúu-
bromear,"shaacue we'we-, pjay we'we-"
camino,dyi'j
tiesto,chi'la
encontrar,uy-
avispa,"menzucue, shita, ánwése"
mata,tash
nutria,"yu'nutre, yu'alcu"
comprar,wey-
mudar la piel,scuupy-
"como, lo mismo que",na'wé
diluvio,ñus pa'jni ícj
alverja,alpes
cama,deeni atú
chancear,chjacue we'we-
abandonar,"waataj-, tjengmée nvijt-"
ancho,tape
enlazar,cú'p-
terminar,"jyá'j-, ptsuu-"
supurar,tucjáa-
meter en,yu'acj-
obedecer,nwéese'j-
pronto,dund
calentarse,"bajch-, acháa-"
cacho,cachu
coronilla,tjá'mbush
quiebra maíz,cupytende-
cuerpo,"cacue, cuejcue"
en,"-te,-ca,-ga"
"estar parado, de pie",yujurra ús-
aparecer,vyaa-
dormir,dej-
sol dado,soldau
vaciar,jyamb-
estar callado,"shuuna' ús-, shuuna' u'p-"
hacer arrastrar,cweenzhi'j-
liso,jyu'nde
cinco,tajts
anteriormente,nyafiitey
recio,sus
despedazarse,"pe'late-, pe'ltete-"
desmoronar,cu'ch-
persona que habla páez,nasa we'wesa
amonestar,yu'cypej-
chorro,qui'na
hacer bostezar,cdeewayi'j-
sembrar,"ujua-, uja'ja-"
golpear,"ujca-, ijca, uca'ca-, iica'ca-"
pelar,tupy-
guiñar,csé'sé-
traer,nuypesa-
por acá,ayuy
usado,pete
"seguir, continuar",u'j-
pegar,pecue-
repartir,"tyu'tende-, tyu'ndende-"
producir,pquíij-
envolver,"yap-, scand-, scandu'ndu-"
permanente,nes
cabecear,caawúwu-
peleador,puiisá
encima de,cajcuega
trabajo,"mjíi, mjíini"
estar sentado,cachrra u'p-
añadir,shquitya-
entenado,jype'jnisa
tener hipo,e'shi'j-
"tuberculosis, tisis",undy wee
ordenar,jycaaj-
descargar,spajcy-
pegar,pápa-
aligerar,ésee-
fogón,ipy ca't
insertar,se'w-
tapar,afijmb-
poner atravesado,"pchatj-, paand-"
bien,ew
ratón,"ujnza, ulu'j"
peinilla,cchill wala
hacer menear,caawúwu'j-
Pijao,pi'pyshavy
permitir ayudar,cpu'chji'j-
planchar,planchaí-
cruzar,ctejca-
ante,"dyi'pte, tashte"
mano,cuse
hacer bajar,caaquíiji'j-
anublarse,táapjúu-
tamal,pullu
Andaquí,daaquí
bordón,fytúu vica
ya,yá'j
encabar,catashi'j-
inteligente,wala jiisa
aburrirse,"cuchi-, ya'cuchi-"
mostacilla,puca
cuerda de guitarra,cytala wes
miedoso,"paaúucjsa, paaúucjtjé'j"
jamás,bagach yujva
vestirse,"atj-, jyaatj-"
sombrero de palma,lamus chwa'
enflaquecerse,"talli-, íchj-"
nadie,quím yujva
mandar crucificar,cluuscje caafyutsu'j-
ponerse(v.t),jycajts-
cosquillas,ele
maíz tierno,shimb
oyente,wésé'jsa
estar acostado,deeni ús-
comida,ú'
escuchar,wése'j-
alisar,"lavi'j-, plavi'j-"
posada,"paandee yat, pa'j yat"
morar,u'pu-
estar abierto,pjaterra u'p-
abiertamente,"aate, aaga"
utilizar,cseelpi'j-
pasar hacia abajo,sejéw-
ser vencido,ya'cach-
más y más,jweeíirráa
emborracharse,tuu-
mentiroso,íshiisa
necesitar,"pejy-, jypeejy-"
oxidado,"inzu'ni, baytu'cni"
gris,"tujme, tséytséy tujme, tujmetujme"
reír,"shijca-, shicaaca-"
escalera,"we'j, petyi'jni"
poco,"teechcue, cujmée"
sancochar,patyji-
espuma,bu'ch
atrancar,pchatj-
tendido,pusni
asar,cjacj-
hacer probar,quiisa'j-
ustedes,i'cue'sh
acompañante,"pi'cyna u'jusa, paau'jsa"
gavilán,tsalli'll
reunirse,pcjaacje-
convenir,cjí-
enredarse,"ya'ndu-, yaandúu-"
atemorizarse,úucj yajcy-
acertadamente,"jypumbamée, shiingmée"
sordo,"tjúwé much, much"
carpintero,fytú ú'tssa
paloma silvestre,yu'cj tumb
chuzar,nyája-
"chanza, broma",chjacue we'we
pensar o sentir por sí mismo con su corazón,peek' ijushu yaak'n'i
en voz alta,sus we'we-
limpiar maleza,túupi'j-
ruana,atyj
hijastra,niisa npaasa
"suyo, suya",cyáa jíi tyáa jíi
esconder,sútj-
entender,ya'jiyu-
bayo,payu
antiguedad dejada por los primeros mayores,hu'gthé' yacka thé'we's' nv'itn'i
ser ti',selpíi-
madrina,"dyuus mama, neenjí'j"
hacer equivocar,caypumba'j-
tropezar,"yu'chafy-, yu'spé'tj-"
zarzamora,tsiun
herirse,cpáyúu-
informar,pta'sh-
"Artículo 329. La conformación de las identidades territoriales indígenas se hará con sujeción a lo dispuesto en la Ley Orgánica de Ordenamiento Territorial, y su delimitación se hará por el Gobierno Nacional, con participación de los representantes de las comunidades indígenas, previo concepto de la Comisión de Ordenamiento Territorial. Los resguardos son de propiedad colectiva y no enajenable. La ley definirá las relaciones y la coordinación de estas entidades con aquellas de las cuales formen parte. Parágrafo: En el caso de un territorio indígena que comprenda el territorio de dos o más departamentos, su administración se hará por los consejos indígenas en coordinación con los gobernadores de los respectivos departamentos.","F'i'n'i pe'la 329. Nasasa ikah kiwe v'itwa'ha'sa' naa c'hab walate ikahsa npicthé'isa mptepa' ikahwa'ha's suk'tad'c'a nv'ituna, Ec Ne'hwe's'hu yuhsa Kiwe Yuwe Yu'skhewsa ma'hína we'wete. K'aha' kiwe yuwetewe's' Ec Ne'hwe's'a' f'ii v'ituna; napa nasa h'ukaysa teec' hwedc'a ikah kiwe's yahk'ya' tudu ha'da; ki' k'atewe's' newe'wen'isa npicthé' d'ipte. Tudte f'i'n'i pela 38te Ec Ne'hwe's'tewe's' we'wen'i's k'tey yuuna. Napa nasasa kiwe' h'ukaysahí', naa kiwe' nasasame iamuna úswa'me'. V'ite ikah kiweyakh ma'we puuk' f'i'zewa'ha'sa' Ec Ne'we's'hu yuhsaic'a k'a'sa' we'wena. KU'TA : Yacte t'uden'i kiwesu e'z ithakwe nasa ikah kiwe puuskhewna úste', k'a's ikahwa'ha'sa' nasasate Yuwe Dukhsawe's' pkhakhen'iyakh k'tec'ac'a pd'i'puc'acehk thegut'na."
besar,wecha-
coser,cats-
bueno,"ew, ewsa"
colaborar,"pu'chj-, pu'chji'ch-"
causar hambre,"cwéeje'j-,"
escribir,fi'j-
hacer medir,quiisa'j
viejo,"tjé'j, tjé'cjué"
sentir calor,yaacha-
recibir,jypa'ga-
acordar,puuty we'we-
apuntalar,cpu'quitje'j-
abrir,way-
miel,mil
mosquito,apj le'ch
zumbar,"zi'nzi-, sndaanda-"
maizal,tsut ej
mezquino,úshi'ndy
pescador,wendy uwesá
nadar,pejnd-
biznieto,jweete ntsun
poner fin a,caaptsu'j-
"cuí, conejillo de Indias",fitsj
mejorar,"catyji-, chjáchja-, case-"
cerebro,pe'pe
de donde,maajú
plano,ucue
territorio de mando,Ikah kiwe
diablo,echtjé'j
día,en
visiones,í'cjwe'sh
cuchara,cunzha
hermano mayor,yacjtjé'j
tacaño,"úshi'ndy, úchji'ndy"
